county_fips,state,county_name,median_age,pct_black,pct_asian,pct_two_or_more_races,pct_hispanic,pct_hs_or_higher,pct_bachelors_plus,pct_below_poverty,pct_income_under_25k,pct_income_50k_100k,unemployment_rate,pct_owner_occupied,pct_drive_alone,pct_carpool,pct_public_transit,pct_work_from_home,pct_family_households,pct_married_couple,pct_living_alone,pct_senior_65plus,pct_young_adult_18_24,pct_foreign_born,race_entropy_norm,log_total_population,log_population_density,log_median_household_income,log_median_home_value,log_median_gross_rent,volatility_class,vol_quintile_num,vol_binary,vol_z_abs_sum
26001,MI,Alcona County,2.9300401161364054,-0.717205201765609,-0.47830248483867815,-0.7741274010103557,-0.9612474118582542,0.6892570808670335,-0.45339888984390103,-0.31187590318499037,0.30404888503908795,0.6209188336888165,-0.4112520257573491,1.8668101830098973,-0.25438204912875123,0.6232048468505885,-0.434054980728183,0.1393905260216158,-0.8856249309428528,0.3367251976250281,1.2332584159805422,3.287330665742181,-1.2003048720601768,-0.9102869888640212,-1.184150841989011,-1.4209374244990967,-1.5506652309115008,-0.8712532182172733,-0.633049259171348,-0.3381115398896996,Moderate,3,0,-0.220495987368661
26003,MI,Alger County,0.9218509472760957,-0.18611775348597473,-0.6145752908886178,0.11785906992965285,-0.9478391721843038,0.9621170625266467,-0.49405371828105854,-0.7836426633155903,0.0028822118195208947,2.0926938061938962,1.0369216347397752,1.4336929878010316,-0.8733581333268661,1.7851798233555751,0.12694557768837567,-0.47930328828455454,0.37033596195849006,1.2356860799967655,-0.6159997512427747,1.276537588740055,0.27169572793643365,-0.8097374457102791,-0.007501339103110985,-1.5597235649527084,-1.9066594572327593,-0.31059235484101055,-0.40725737066704676,-1.227114078352273,Stable,2,0,-1.313280221611162
26005,MI,Allegan County,-0.5704731139870705,-0.6741429782788186,-0.3694563684336592,0.5859199375018929,0.36772266917482765,0.5436125271420077,0.1259587254204889,-1.2639289068197574,-1.674983061827236,0.6035522373413967,-1.3659995379983356,1.5732297105990312,0.47574780005648154,-0.4025248577597136,-0.1922008409374923,-0.18768697081323465,1.9279122169889076,1.636942775326228,-2.2428055541956993,-0.5995215895527667,-0.21325496756186463,-0.11327906694023836,-0.437480052589128,0.5730921913179459,0.23212873146547183,1.276471934644508,0.7802719257199251,0.7520337826424427,Moderate,3,0,-0.0167720668258219
26007,MI,Alpena County,0.6823421473202782,-0.690350687476475,-0.6598639059598932,-0.3193755182419638,-0.9697595783368747,0.5905526504288832,-0.7657146219336995,1.0545417987082288,1.2105403556624363,-0.5318191079258708,0.6458288440028334,0.6173644800931756,0.1864321754918802,-0.7870434149252317,0.3478717669462676,-0.573332802509368,-1.448706173015918,-0.8777039161984843,1.3609301971305718,0.6193250766003696,-0.5533503147731105,-0.8104274850878944,-1.1237214310185015,-0.592179966439836,-0.6241172968933001,-0.9703402929881707,-0.7935337328780003,-1.4978478514067612,Very Stable,1,0,-1.5930692582548251
26009,MI,Antrim County,1.4192923010304836,-0.7199750442027759,-0.5892223488639026,-0.6846951888874784,-0.8612572865585915,1.1959584327655242,0.8509234533043759,-0.9010592364159875,-1.0871406662902086,1.0583271756597694,-0.7774863056614342,1.4436188843646014,-0.6701882815224242,0.13787517208243363,-0.39190306163731226,0.4882346778817975,0.4806731899380871,1.100313767457449,-0.5500975320230674,1.4835183096647069,-0.6202360791258682,-0.6531620936244288,-1.145564212595564,-0.738053080242094,-0.6206204130247163,0.5270170655861868,0.6535249169714392,-0.15687712149765531,Moderate,3,0,-0.0759580345166324
26011,MI,Arenac County,1.1245122395464024,-0.7119706973276062,-0.6548017375409527,-0.5560487141800655,-0.8503776077058759,-0.6386133345589856,-1.0055478802452578,-0.4505378943627421,0.04975353088054536,1.5703084466701642,0.5375228654965639,1.427939710049598,0.5487815695048683,-0.5510258502865374,-0.3004264870594519,-0.4998867015249374,-0.2711772935768647,0.26821767704336547,0.25564065681320813,1.4448729807284082,-0.7313372573805218,-0.9051136385735966,-1.2011113033878005,-1.1194550006869768,-0.7794448790394944,-0.5239086521866781,-0.8554094508341265,-0.9352378943366241,Volatile,4,1,0.902425648855294
26013,MI,Baraga County,0.35071457815068624,-0.29120816645736897,-0.3100540650095799,0.6521327360290724,-0.9502750384121152,0.39017651570945683,-1.125273944372471,0.39372938095327964,0.7077561764285502,0.9347312985642969,-0.0008725183716843786,0.42338486064899,0.6163372403818925,1.03838303778713,-0.3304505434520546,-1.0237685405747623,-0.6786472345403071,0.2360187572153328,0.18933059329499102,0.5236121732384625,-0.5082330170723913,-1.0292705065184566,0.5528056631340418,-1.6143863432625627,-1.942573686898445,-0.8399194663009617,-1.102759090625367,-1.9029510750134184,Volatile,4,1,0.8698492668596562
26015,MI,Barry County,-0.33096431403125426,-0.7412465684844233,-0.4223576051111777,-0.6631062188341087,-0.5488617403784604,0.8230033009093995,-0.09789431594016569,-1.2562700446686854,-1.1143082366668249,0.7249710784325353,-0.5263303644894423,1.5658822431075228,0.5637882481897881,-0.842801623825477,-0.3096209229858692,0.031641123517433596,0.9880337558145982,1.340859870101971,-0.7980951787709177,-0.3107369974998781,-0.30779137247644867,-0.2135294194117026,-1.0857678732480651,0.045824051720598086,0.031289979209306484,0.9040615565404375,0.7480281695704293,0.1854186447525118,Very Stable,1,0,-1.3206554462983608
26017,MI,Bay County,-0.03618425254717184,-0.6758938545435834,-0.4728406806754921,-0.01793398546018199,-0.08267714957244511,0.41427522320013777,-0.38186940966829125,-0.08459477159824373,0.0965640865002377,0.20795414229460144,-0.5046164835365915,0.23299982001139583,1.0719574416844388,-1.0125415812154297,-0.24569954998345866,-0.3824052911004126,-0.9818096864362641,-0.792627326905959,1.1731286524438747,-0.12410613011598963,-0.3158280236354591,-0.8986232329958981,-0.7138220264956843,0.4394423217308969,0.601759584659654,-0.27047224250972973,-0.8252415742478333,-0.3752342833796968,Moderate,3,0,-0.5284348882019946
26019,MI,Benzie County,1.2350547626029322,-0.7154438719750222,-0.260884574477001,-0.8047050892663816,-0.7950540816875,1.0360802480767022,1.1109696971199468,-0.9535650973229476,-0.8238838350977694,1.221149059291153,-1.2839848281512147,1.6230623865426876,0.056693436198966225,0.02107985494494064,0.18454780297943088,0.17499517482155355,0.8105691669044325,1.3764964483147388,-1.1093392545645944,1.3884652349639586,-0.5562038519592858,-0.8115705159083791,-0.9891221045788875,-0.9618557194863273,-0.5239873566004792,0.7229155873311728,0.9724424458090571,0.4330490543226543,Moderate,3,0,-0.2710728595769821
26021,MI,Berrien County,-0.2572692986602327,0.23555714245921866,0.26774663792967085,0.6346804595673803,-0.00246249136147669,0.5055524632305567,0.510610795567546,0.35788809088313955,0.27123607054093246,-0.7644198270531841,0.640847588174081,-0.31221964820056963,0.021235630533547958,-0.3138297978478212,-0.2413376186571226,0.20150688676964806,-0.281674651222397,-0.4316267164249371,0.38428457811786304,-0.21083635965698783,-0.17460216161374573,0.3123362308574487,0.7417969931014425,0.7619245040700984,0.7211807078539614,0.02759356061340638,0.2817455715597776,0.04183800326481004,Moderate,3,0,-0.0550776898505169
26023,MI,Branch County,-0.6441681293580908,-0.6387871871879297,-0.4764864559130675,0.4511517561945047,0.0913317743147881,-0.5231331130199912,-0.870952345199099,0.6857906453753265,-0.1920932725661664,1.18986545408903,0.3225580864393132,0.3154659822710251,0.4153769006603537,0.8819902739861246,-0.2951044804196758,-0.9257330913672979,-0.2930956428362379,-0.2551670464222281,-0.46407039848899617,-0.3783700000792017,-0.26010541505214757,0.07995436968689071,-0.5479643731535433,-0.22699598761216067,-0.16775035051548715,-0.10872606583548804,-0.638314449827845,0.12375166324857644,Moderate,3,0,-0.4183424370005799
26025,MI,Calhoun County,-0.7178631447291111,-0.02502702296067618,0.7329964501234612,1.2241219044689504,-0.08735452494618007,0.25908152777636156,-0.30200675071595706,0.08161937884940092,-0.160166534423118,0.4458173406139169,0.794147146981152,-0.33553128936424437,0.6676806919020531,-0.3376404012660677,-0.21899789169385708,-0.5056439600740111,-0.7500260735198592,-1.0580409067418388,0.7245958164745194,-0.7179705136989575,-0.024363694295669223,0.024839127987315055,0.6190478994823622,0.6514831782981461,0.4353513981077754,-0.1533373639184156,-0.633049259171348,0.16653238211495147,Moderate,3,0,-0.4797164864948596
26027,MI,Cass County,0.2585958089369106,-0.45582720613367433,-0.3043097639172496,0.4705159615969646,-0.37607330989084536,-0.12480803009421798,-0.4122803149483676,-0.4108399224213229,-0.5359895756217696,0.07574118508771818,-0.07575659556913907,0.8306284272872604,0.20554606075136728,0.3969499347593923,-0.12158558489101658,-0.5609406228045929,0.570957867738626,0.5410835296969868,-0.8239514472955205,0.19501131475438627,-0.21948645276485615,-0.48410345499874713,-0.22407661655509467,-0.12261919009608377,-0.03835999016987212,0.4100054540600716,0.20041937224693768,-0.08634290300946709,Volatile,4,1,0.8310671945875697
26029,MI,Charlevoix County,1.161359747231912,-0.727315753362781,-0.3785388028570298,-0.924187540966314,-0.8914611536977198,1.3033152674720523,0.9426671435039068,-1.178052236681907,-1.0015763671519182,0.5393496044118764,-1.1205863319102598,1.070486026521434,-0.2967440391238944,0.08592935230222155,-0.18477486715484973,0.46809540130370275,0.33846283215671513,0.7500276401634047,-0.6739326505596219,1.0310030102694314,-0.5383738565172957,-0.8405737739042082,-1.1068047043646143,-0.6740390523680418,-0.45171706793796135,0.8389523405880412,0.882102123080816,0.0757445882421186,Volatile,4,1,0.5589077498042954
26031,MI,Cheboygan County,1.492987316401505,-0.6969928944164058,-0.4525018311888871,-0.08639472156542542,-0.9595206118995016,0.1649640539093851,-0.1473891404383238,-0.2985928234550307,-0.07508471880554658,1.2785532785775326,0.5969934231983731,1.348365961545522,-0.0063297606535188695,0.9172546201713191,-0.28719158425812186,-0.050471147793991186,-0.3752631869486491,0.27891712568860816,0.5266725145117683,1.5025190999906188,-0.39411939072110885,-0.7736236000297815,-0.7933978246859871,-0.6816248990217781,-0.8884836300343225,-0.17813314970556818,-0.1546914534794581,-0.8636015341827343,Stable,2,0,-1.059519381295771
26033,MI,Chippewa County,-0.45993059093053945,-0.3362287948713103,-0.35116369844281414,2.0484884262159264,-0.8411729538069044,0.601859488248274,-0.2630673137961881,0.10600437873013314,-0.05921946711753274,1.46686371481916,0.04896364877470396,-0.027211008299969277,0.08280592021747633,0.12661541142153523,0.13120460288825056,-0.8679430624175782,-1.0908000011465948,-0.5823876886401418,0.9138087933249902,-0.27345855060392915,0.9906314458538704,-0.45970191087187906,0.6964998553229975,-0.4067883094254882,-1.2330281310558502,-0.23257340493993917,-0.64887405499942,-0.7236018386930579,Stable,2,0,-1.2786952410134576
26035,MI,Clare County,0.9034271934333403,-0.6802683648339317,-0.5777399420916618,-1.0357296807859406,-0.8375919065645403,-0.5172244998146487,-1.316377213240687,1.9452703581765705,1.196084421007033,-0.3918896633453384,2.707116866671969,1.509589942818953,-0.8289291389178451,1.372268318276188,-0.20922343048868092,0.13905602927598734,-0.4531731360275593,-0.02709440346207895,0.6509952701279386,0.8725215455016917,-0.5645769701605423,-0.9217817078630717,-1.1449626797128831,-0.529029236016646,-0.5516769152904468,-1.427948570882432,-1.1930557577021068,-0.9112345213286942,Volatile,4,1,0.1282167094711317
26037,MI,Clinton County,-0.42308308324502997,-0.6198936904197406,0.11780367551648847,-0.1603901127265816,-0.2337987865212732,1.3716669827717234,0.9589532540926405,-0.9472187401362321,-1.7005179523801572,-0.7199078770310335,-0.8243203080562216,0.901960161162689,-0.0659262051701009,-1.5774178780752823,-0.12426110127861398,1.3436648947296426,0.49913442318966333,0.8217568545745532,-1.1488406694926312,-0.55570258154103,-0.15057930335533937,-0.5139415116717863,-0.514670870693144,0.2305732333411182,0.19391356172307186,1.5738968619462774,0.6978693663285129,0.7185996598317903,Volatile,4,1,1.0760354825026344
26039,MI,Crawford County,1.3824447933449742,-0.7367694857790859,-0.2889949723270658,-0.5686794792817563,-0.8069378547423214,0.23553557503776262,-0.5671022577156473,0.2705176858710051,0.6547564559135202,1.4257693102958628,1.8816070066134543,0.5701078694362023,-0.3782568183603098,1.199356242113616,0.11092886526362439,-0.42139609098236,-0.6780064250007837,-0.538868711258008,0.520682956481843,1.2645588156729066,-0.8847238597029079,-0.7845871351589958,-1.0313734248068986,-1.2169871737993947,-1.208750744633032,-0.3866342383912849,-0.629544519522693,-0.3645970772810609,Moderate,3,0,-0.1518305858156255
26041,MI,Delta County,0.7191896550057889,-0.7526434078135763,-0.4909478218132451,0.29716119958232273,-0.9967567382000171,0.6988904310102316,-0.5324078858206054,-0.22660705520745628,0.4011321235036899,0.5827381876363688,-0.5724575892438245,0.8783928163021035,1.004338153214854,-0.060490833177107114,-0.13444686578848944,-1.0205196212983796,-0.33594375596754655,0.556275002597107,0.6917083208343037,0.788603263258221,-0.5006405715937964,-0.8913169267679351,-0.9551699486496998,-0.3952922404060488,-0.9986889718303745,-0.6128338124852291,-0.7347872892086452,-1.3703955447564669,Moderate,3,0,-0.1007525028336469
26043,MI,Dickinson County,0.5165283627354822,-0.7402494397477731,-0.599393490227425,-0.6077486450763364,-0.9041176961776191,1.6944264007952803,-0.05885996967167204,-0.7387360889306189,0.1072218053555708,1.394760144066167,-0.9682050402251614,0.9236821879991892,0.1727478004726963,-0.2804409861587311,-0.18157432055185976,-0.28883736891455725,-0.3030103163571724,0.12222137604095992,0.3526988403922038,0.5009059593989521,-0.5377987277092894,-0.7397549538846891,-1.1601188352266245,-0.6788383045990649,-0.9345361534165437,0.006273276594711024,-0.8046845635578652,-0.7236018386930579,Moderate,3,0,-0.2503484543074609
26045,MI,Eaton County,-0.4967780986160502,-0.2447726395503694,0.5043926403465362,0.3231578537742817,-0.004845052887450959,1.0501236189861038,0.4989906071687546,-1.2752702910591476,-1.3671286366000137,0.9011935502834085,-0.3869510240923088,-0.13852469459269318,-0.75193291781998,-0.0138671591481689,-0.0156919458920765,1.0733634923506747,-0.04548134384224706,0.21023004822081304,-0.05359036453711879,-0.3999789492318241,-0.07641151981077722,-0.16086430831160298,0.253623719119099,0.48627839577808907,0.43664630583261166,1.0422200341074601,0.18597889109945942,0.7185996598317903,Volatile,4,1,0.3156615791479195
26047,MI,Emmet County,0.5349521165782376,-0.7201406728521034,-0.46935324516743127,0.08081181532633804,-0.8785733645354742,1.657747166913339,1.585562392091051,-1.224891596016962,-0.9378778785830377,0.280309377177985,-1.2053475772029936,0.23335487011108866,-0.3000186622930797,-0.032461942411159135,-0.25443293791700644,0.07972551517343832,0.2064428247714992,0.8857162726283657,-0.5631239172222225,0.5776370132235272,-0.31035752858782,-0.8341855950224083,-0.8329697958805843,-0.4568007457488835,-0.3305471276048004,0.9447650540607747,1.2574763095183303,0.8017321963752845,Volatile,4,1,1.1161229658802958
26049,MI,Genesee County,-0.6441681293580908,0.700741735562405,-0.1426272067410034,-0.03988761359588741,-0.43024194647786407,0.32517399810955405,-0.26459008582522886,0.6785917049191605,0.0987090462985631,-0.22339368954891645,1.829186574129174,-0.584085723423563,0.4010952730987821,0.03010071436666043,0.2608521105153837,-0.09948538511371409,-0.38383024644912406,-1.380930245380923,0.2267373565452571,-0.7406577734818761,-0.13039646385819256,-0.5555123650256636,0.783178983457186,1.5467118390414336,1.4101182405755053,-0.22725308935411004,-0.30853814990634554,0.26482844878709694,Volatile,4,1,0.0905917255964445
26051,MI,Gladwin County,1.2166310087601782,-0.7429349725318452,-0.5039731867235229,-0.8199859297483177,-0.8484316501754868,-0.40369709304799734,-0.9127078267591284,0.3104022771478237,0.3200724845332679,0.4887466803405279,1.0229585229352354,1.4062923973470327,0.8340207303002405,-1.345952420374588,-0.4023395628973459,-0.08839877550901615,-0.2760567666267109,0.8393675397606403,0.19643015075487905,1.1994794932625812,-0.6803387613877031,-0.9030525038609704,-1.1832959748735525,-0.6870375032008694,-0.6131077769944818,-0.8378622113448736,-0.6418299798673694,-1.383645940603721,Volatile,4,1,0.3077772324866379
26053,MI,Gogebic County,1.3087497779739539,-0.7308109303789693,-0.4206983135458421,-0.6241075783151401,-0.8909985002771242,1.5731495881926296,-0.3090273467545353,0.19386570733784914,0.9543252491954741,-0.03908203834161464,0.8433457335538547,0.7452328792715806,0.9112230548644665,-0.7355823522837168,-0.17508268101162977,-0.6256618416595403,-1.6068807116268464,-0.9166404489011157,2.3380678767127807,1.7083168500654,-0.8103721467722955,-0.9084045469956223,-0.9528565345583088,-1.1612993490834456,-1.6798535802258983,-1.0885065832581615,-1.8257783851636615,-1.8512302421920455,Volatile,4,1,0.8160970639133379
26055,MI,Grand Traverse County,-0.10987926791819212,-0.7045655413504487,-0.374529969676737,-0.3527683786415022,-0.6139111310178171,1.4719138664511933,1.486254887477263,-0.9591056752467645,-1.3215273542579113,0.11980917258256704,-0.8329933685916431,0.25070391017580884,-1.0569187488033132,0.03301682712100124,-0.09771149567484734,1.0970063202435278,-0.48053407354372596,0.18098503041813085,-0.2147653352974323,-0.09053260906199778,-0.2578076667016454,-0.7691580516908088,-0.9151602323959649,0.3836844617754205,0.5073123589231747,1.1738076579975452,1.4641134847650386,1.4747915141540233,Highly Volatile,5,1,2.0990717861751764
26057,MI,Gratiot County,-0.8284056677856422,-0.32404551820305405,-0.5309335858917098,-0.245373631531049,0.27404683183360984,0.355779394081839,-0.7272322628241809,0.08929725976148209,-0.17079295624338678,0.4764203772798732,-0.6048772826855603,0.46921908350775243,0.6617444924327945,-0.9806801567139067,-0.3293773014885114,-0.5963287226359167,0.344146377646883,0.2953250363328358,-0.857568065416617,-0.7677033925162183,0.9328306141361309,-0.688466589088987,-0.13634807192301454,-0.3003227387107772,-0.3324728829276638,-0.12238665015971062,-0.9147828505643663,-0.5158118981657165,Volatile,4,1,0.1020345264340442
26059,MI,Hillsdale County,-0.1835742832892124,-0.7139766752303252,-0.6181429598309831,-0.6339807595569283,-0.7300001682938267,0.17625179950582925,-0.47810777671677324,0.1871413574775504,-0.3394077382932432,0.87546738050569,-0.47816347081758465,0.8782544593435466,0.08145958534732001,0.008103854414873645,-0.2956564279451442,-0.49349588207457945,0.5433112325487152,0.5488595367224924,-0.8413952135209168,-0.04408779335968525,0.17301356372612453,-0.7897663832108573,-1.1136911409378638,-0.2206811349629942,-0.29479915685583785,-0.06683152039103717,-0.40887792785129246,-0.5268062290264549,Moderate,3,0,-0.2572181058969672
26061,MI,Houghton County,-2.1917634521495217,-0.6774149491014527,0.8839955165227487,-1.482879029292106,-0.9288919281894213,1.1297510374564583,1.1477775033955282,0.7018214866953396,0.6517726135766434,-0.30409846739964014,0.3543697069384258,-0.4459002251550126,-2.3665834423414367,0.45917523289767653,1.3622222864084141,0.16107186306165547,-1.8882457122659746,-0.5725589500069544,0.45585465021361293,-0.6550005086378987,5.555983777747664,0.7821622226755555,-0.8253934412120132,-0.376128111617404,-0.8628976555742918,-0.5161713644522252,-0.6843575431607674,-0.4829862178009268,Moderate,3,0,-0.4845764962948103
26063,MI,Huron County,0.995545962647116,-0.7405151532789388,-0.43335053359229386,-1.187652788172615,-0.72225744659736,0.5821412969683276,-0.7459138547525925,-0.23740432222305835,0.3983203036574968,1.1969874364376598,-0.6305151642608261,0.853117073908629,0.4840318455990591,-0.2957360839278992,0.01482232210579589,-0.6099117681291192,-0.9889980573736441,0.011598850120168284,1.4091006655537477,1.050524640389984,-0.5952152517598035,-0.6712128747236558,-1.2255338615688598,-0.531762369229814,-0.8658026487048368,-0.5187198746593825,-0.7861239711976735,-0.775602023060785,Very Stable,1,0,-1.513787106219849
26065,MI,Ingham County,-1.9891021598792165,0.099480405359028,2.831419241619655,1.8150803805801794,0.49650223919360037,0.9034492196507496,1.5481545366834262,0.7466473421775797,0.2213340284708511,-0.36106810471272643,0.6816402756393263,-2.0461161491997655,-1.9198584653634756,-0.4277905510587324,1.3480449941818495,1.5773022562745984,-2.7720337680954428,-1.8980664136193444,1.7142271713493946,-1.4160611415213793,2.5327896749972667,1.4934840442048207,1.2948961324802686,1.2619405596730413,1.2360242146658564,0.035575946911657955,-0.06276394946652523,0.684919921429304,Volatile,4,1,0.97530245524879
26067,MI,Ionia County,-0.9205244369994178,-0.5089370163751944,-0.5032519491747897,0.40689452873262194,-0.2114927132346538,0.1355073125921126,-0.7442801275439531,-0.7198440121881508,-0.5474823333042044,0.940673611463365,-0.7576777442724643,0.2666100150712292,0.44880007065785116,-0.22271036888090498,0.4897179179802909,-0.27275227926941287,0.4847861974315921,0.48983788854474014,-1.0311383025491727,-1.052762553037862,0.5266874964519652,-0.7756800760156419,-0.3779026311896986,0.08533845648430574,0.044386817521481846,0.7763680946260747,-0.06707496952404954,-0.2491883025823189,Very Stable,1,0,-1.5218915730616405
26069,MI,Iosco County,1.7324961163573214,-0.6958643188209803,-0.31716245202238635,-0.3429224858022721,-0.7245454824844613,-0.06911032437661568,-0.6626052769332601,0.9989809493407568,1.7549664239398663,0.15716115257670865,0.8388950472884092,0.8861818140206481,0.6206058398112474,-0.38798411440076436,-0.3323510154724016,-0.6969934322111135,-1.817115819671272,-0.7550733732703132,2.3436767734930295,1.860764707483766,-0.6265854983800514,-0.8006279256488683,-0.9671794247999672,-0.6980362748907412,-0.6959460338193805,-1.3569737353835856,-1.0192433968517787,-1.1951652816610627,Stable,2,0,-0.9400114971600562
26071,MI,Iron County,1.658801100986301,-0.6952712801502575,-0.4259674739268981,-0.5860657216169238,-0.8361988197450101,1.2084828983074756,-0.3423323315113199,0.8195002684513065,0.9384367510016742,0.8267225940450155,0.12902182635872114,1.2006742683615121,0.03432367131540902,-1.0403915321108836,-0.434054980728183,0.2825274692641984,-1.6688269359738326,-0.7969942485912309,2.0617819388876866,2.0332811624248532,-0.8496806888265882,-0.914650401019207,-0.9281896722628313,-1.3274508053097307,-1.874400247054175,-0.7829007524698225,-1.775626912117081,-1.2143078304394466,Volatile,4,1,0.6516937712249231
26073,MI,Isabella County,-2.57866228284738,-0.5767841471685614,0.2038586628095386,0.17373501782592646,-0.25995514700646094,0.4130011967811298,0.548418074319611,2.0084619805227915,1.0378500865321143,-0.2933255844339351,0.7787085265828836,-1.7380655265671954,-0.4606913050797681,0.29649336743162497,0.12263782581750239,-0.5728452096313648,-2.4927127754152743,-1.713627411926364,0.5339271577387112,-1.4741830622566128,3.9692558298651406,0.03633811770438048,-0.15182724113549984,0.060480550425077724,0.017838077234248188,-0.8483440362488158,-0.5028043428380791,-0.101366293094665,Volatile,4,1,0.4333665938889123
26075,MI,Jackson County,-0.4783543447732948,-0.20525168706545108,-0.32121818117203516,0.42227755621692,-0.46575127828879004,0.5425309449566552,-0.2517264760557804,-0.47208220003019247,-0.5372974036319742,0.18746632383157558,0.24298981181539836,-0.02633320270134603,0.4961086607706923,-0.511243333600391,-0.2555218644533736,-0.11170109075806926,-0.6710885031480178,-0.5348807553655034,1.0200295441915441,-0.561490799356379,0.10654502319691803,-0.49991179755056553,0.00039955850606077255,0.79699516879564,0.5849655320484995,0.07859465575109467,-0.1369516999053962,0.2462671531025919,Stable,2,0,-0.9500406474441172
26077,MI,Kalamazoo County,-1.6758983445523785,0.06824204620809812,0.8674834496982675,0.6298603620211809,-0.09039136612437355,1.1975555036970325,1.5553587705530614,-0.2275679093411209,-0.41651857454135716,-0.7960996696602466,0.228650929633918,-1.3902319395247305,0.05183941828457029,-1.133791273543814,0.37475107907802674,0.48060158148153564,-1.277366493821292,-0.8679656312178723,0.39516597847164087,-1.188601968151521,1.5985780531760934,0.38576319535232906,0.6814339762706114,1.1979381366216018,1.16373429490666,0.5612326499548614,0.4962028219881282,0.7227922836007245,Volatile,4,1,0.4751470432942726
26079,MI,Kalkaska County,0.05593451666660383,-0.7052497188581262,-0.47899828445401227,-0.7539888561260704,-0.8384270570334025,0.014006639782774867,-0.6988683180170306,-0.3282656693111625,-0.8189542343449058,1.3896813099760847,-0.8131502173380897,1.6778764295848647,0.7221114915267622,0.6147812005304971,-0.41512215656830803,-0.6489985597350807,-0.11445114161009293,0.04713385636583678,-0.3890479861765002,0.20003975150000633,-0.6807403557594515,-0.8962353380015757,-1.101051163124432,-0.9650074476380579,-0.9704644363835325,0.2711557469695076,-0.2085819134046195,-0.4126600730258497,Stable,2,0,-1.2366309071652295
26081,MI,Kent County,-1.5100845599675827,-0.025030865011065665,1.081293638552427,1.8556227197307629,1.1007413179577155,0.5158097103648198,1.508011148448202,-0.8580747340728115,-1.1807016078547672,-0.04446593132923817,-0.6185785684762716,-0.637493081686132,-0.5905432789814052,-0.5216556254288479,0.6692252216982302,0.8925278063052918,0.15721031737260613,0.24237104536192206,-0.7723300764698637,-1.3423666895489705,0.11576524863555265,1.400381455781909,0.9341318412364469,1.9501563549002339,1.5800271008778806,1.2358006120318523,1.014101956181662,1.311877792573696,Highly Volatile,5,1,1.732490758969382
26083,MI,Keweenaw County,2.3957512546965067,-0.7668789467974053,-0.7650977206370537,-0.558114599601871,-0.9040784467030655,1.6089693699581324,1.5475530874753571,0.3764891152328699,0.12588346392575633,-0.9377965843481894,-1.8719612279082005,2.0001814621150187,-1.8602660624858824,-1.441579315322177,-0.434054980728183,1.6361035510714275,-0.7309849067137759,0.09087565923666278,0.1381277573994764,3.5020669654867476,-2.280402130100696,-0.9200254351779195,-1.2893558512203835,-2.7056584154089047,-2.52186371470296,-1.1031490690733567,-0.5128735272710586,-1.3969347434491644,Volatile,4,1,1.0392753299813626
26085,MI,Lake County,1.1797835010746673,-0.1593055675335247,-0.5916506897792891,1.2424436391373035,0.6041428539743481,-1.3695540311448113,-1.3316448668582301,1.6737752462942703,1.3968749883206335,1.4718760757340525,1.4021211705089034,0.8749482714776315,0.5925805337112886,-0.7943024706206435,0.549983135846947,-0.10439462700311093,-1.3523878404815237,-0.6693069698239155,1.6852881323730886,1.2802251966825728,0.05201233536099488,-0.9044247744956068,0.3731110814611108,-1.2674294343578822,-1.2724842706071395,-1.2811502044848366,-1.1909230670671955,-0.2960503845791756,Highly Volatile,5,1,1.8475892133290537
26087,MI,Lapeer County,0.11120577819487003,-0.688225098121486,-0.597918416611728,-0.2707354041920988,-0.2689071540159524,0.5086999995832678,-0.5518356748320465,-0.9411045092278529,-1.033115180991498,1.3136533737304423,-0.050830386236401764,1.4013139747342236,0.5843633055943798,0.17468950675017572,0.13532084543805192,-0.35824553174383234,1.5477842918435998,1.406298744599506,-1.3812599308618738,-0.20956786293944668,-0.16706240389988383,-0.4563180291831464,-0.8715140510779541,0.3193745790220519,0.17631097998998635,0.8910916964664882,0.4629540099383782,0.2601951651468515,Moderate,3,0,0.0434163706987068
26089,MI,Leelanau County,2.1746662085834445,-0.7127580238797457,-0.49773143508445433,-0.2761313117319767,-0.4176787868003565,1.8879953938005083,2.6255010997056107,-1.710587198572231,-2.089700737323963,-1.2432775317796172,-1.0727916076726538,2.1249202876231954,-0.1771587031275114,-1.6614186331335992,-0.22091095265028018,1.2640810988525797,1.816885248762299,2.477279123420175,-1.7120045655923357,2.3835197511922783,-0.834966566065876,-0.8339918931874962,-0.8230842345902416,-0.7862965024873512,-0.4172567940394601,2.193075531311574,2.3221062044115235,1.2562608496314907,Highly Volatile,5,1,2.2566126428413016
26091,MI,Lenawee County,-0.31254056018849885,-0.5866802594009666,-0.5582533579418976,0.5298413895436926,0.53819905028974,0.26110951708471236,-0.3262991610756355,-0.6980861305953113,-0.6935299535297569,1.278953299135767,-0.263907775597369,0.559909555585214,0.506146654724151,-0.4907763333860497,-0.22142306327027464,-0.27593882252873275,0.671649143673119,0.3763814662719717,-0.7026120653414163,-0.3584125110953523,0.2063429915336766,-0.5942758816123451,-0.40430684399717853,0.40243842326586365,0.14021789067445747,0.41551204611509507,-0.09162782709866765,0.25555719431952323,Moderate,3,0,-0.4775245308562396
26093,MI,Livingston County,-0.03618425254717184,-0.7220071441382975,-0.19762560162763806,-0.9945683527736715,-0.7004581996518037,1.6853143037641025,1.443107816970809,-2.061563374312537,-2.163769059467893,-1.3676311965891987,-1.0775725023358562,1.5079067377928053,-0.02744366737317223,-1.5879070025981141,-0.2806872145926723,1.4343111122339676,1.7814085921534135,2.200296859768687,-1.9651926654234795,-0.32508561925815893,-0.18972670717941748,-0.6690076307719747,-1.08595048216863,0.9606359912722597,0.9225639650395497,2.3779920819261346,1.6068331732883328,1.4712333969619893,Volatile,4,1,1.0523025427925743
26095,MI,Luce County,0.09278202435211462,-0.14193806491037406,-0.6919451117635895,0.48505073059661635,-0.9023611907669139,0.6096502849393906,-0.864879818977195,0.7434723147522382,0.393821070853031,2.275839263841349,2.986207166818456,0.9503777796059529,-0.3567645920663106,1.8092497192035109,-0.17299734794899022,-0.6120197202875768,-0.6565002826055432,-0.5916873524654643,0.20175648255513012,0.4128260318586039,0.3348091691542602,-0.8195338450115959,0.30199756466602967,-1.831043229712696,-2.135332960621526,-0.8806716063564654,-1.7007393504103159,-1.4842637414040243,Volatile,4,1,0.0489826917647511
26097,MI,Mackinac County,1.6403773471435457,-0.40296920909926015,-0.414459079968439,0.8641594739294192,-0.845057937739029,0.4785867053690393,-0.08994776480588224,0.5930726186467474,0.11673646660157877,-0.06015905105112685,1.7675855956562292,0.3426639327635784,-1.9782838698911007,-1.0787092139839152,5.11073214771475,0.030289704840630864,-0.5489490600267811,0.002673184311125171,0.7721669406212015,1.6592403160087181,-0.4047657373336907,1.4575114035556485,0.4929794038747212,-1.3783818160657333,-1.8232477873648363,-0.09372476283382088,-0.43493274717368013,-0.9412584254340188,Moderate,3,0,-0.5979704603018974
26099,MI,Macomb County,-0.5152018524588057,0.20497343984097394,2.1351579464935244,-0.1382247975431513,-0.6558954261034381,0.0855509664259646,0.1847235209234001,-0.7719614146798378,-0.9219838296936885,-0.27383735630422357,0.36557012087474555,-0.02890667391340602,-0.061206690400217895,-0.5268080036910744,0.011353821823589043,0.6902591460852568,-0.1795103131356657,-0.5032582300617972,0.20236804574214276,-0.8414274476320228,-0.22630460739217717,0.5970916684765198,0.7772061553410172,2.179542274624642,2.2715829959903266,0.9265146823867723,0.5208877330406498,1.1924017474377973,Highly Volatile,5,1,1.7302874929860663
26101,MI,Manistee County,1.1429359933891565,-0.5095188357780822,-0.5298464333316724,-0.13689668676671946,-0.5735952974193514,0.48739645399924897,-0.0984505549618835,-0.2290087313102616,-0.3539168056355342,1.128413821444045,0.7584904353590453,1.3644491519366597,0.12282770008719518,-0.2669695879253886,-0.3888885399957059,0.10690953899497715,-0.33548512010844583,0.20433273793729642,0.04534739140674083,1.2583724868771413,-0.4522964431296508,-0.796680632988771,-0.5460727795136912,-0.6979402661040723,-0.6854611859825027,-0.12564449231255498,-0.3116699241646046,-0.47209634623946145,Very Stable,1,0,-2.0183997942509277
26103,MI,Marquette County,-0.8836769293139083,-0.6634428677396217,-0.47459154535642595,-0.32505857537583754,-0.8755483395797058,1.4857842536074461,1.1035348028660288,0.08586494952395372,0.0019304963863758901,0.7390269698199475,-0.3311738189353185,-0.725025571347613,0.1628399485252795,-0.09382403117377497,-0.20329964315862414,-0.638159673113939,-1.524045620000041,-0.23828745235091264,0.38210092010082114,-0.09405676958983467,1.807590606001569,-0.7444973911468745,-0.9130064728363216,0.09186797733784993,-0.8683113952977061,0.027909929003230954,0.1807096428366838,0.0757445882421186,Highly Volatile,5,1,1.5882207570089657
26105,MI,Mason County,0.5902233781065025,-0.6943279660395347,-0.48041724384383366,-0.4312720121758368,-0.3054509111150093,1.0437270193281876,0.07516190414672835,0.1286608476513918,-0.28104485598471146,0.07619972187537372,-0.37626691685329666,0.398928476004931,-0.7001086901885636,1.0446198231261528,0.29845953126212144,0.1436600359305739,0.07001542459403354,0.42263644493597935,0.35597963274469047,0.8695556641959284,-0.5273739100789532,-0.6287857914130243,-0.8269761785009707,-0.5830462492709583,-0.5002202828379166,-0.02623239280528216,0.2212941604222437,-0.18744145984471194,Stable,2,0,-0.798994812994041
26107,MI,Mecosta County,-0.7547106524146219,-0.6002175964244609,-0.3493708431111012,-0.32736450061752026,-0.7009033189557512,0.2519165466575512,-0.3481466749800252,1.5142563426251767,0.21411280330894916,1.1811685558796547,-0.7313697462806181,0.21749686543790683,-0.016584261068424675,-0.17572448909995295,-0.14858430788795132,-0.3712745913976711,-0.5982598613973266,-0.5060689429111294,-0.6070970017040888,-0.24992012569567124,1.9680104000888654,-0.552327282998171,-0.7509763114770214,-0.30313071278394915,-0.31641695159351857,-0.33895605196735534,-0.3638465023586873,0.0027780543527986877,Stable,2,0,-0.7107393513540308
26109,MI,Menominee County,1.0139697164898713,-0.7338814881521062,-0.5430981028256455,-0.6467771761645811,-0.8094951033005225,0.6692693242239819,-0.7468102801510552,-0.3441353052127434,0.6113149346130865,0.042237336753567084,-0.613570505320084,0.7054352181956071,0.43239943420459176,-0.3990660480206768,-0.31735722677266986,-0.5414563574611491,-1.1393886131262219,-0.4384717379637215,1.6692363896265212,1.1234790503646306,-0.25419630400846677,-0.7358082596088615,-1.0321829788384442,-0.7681944757779929,-1.267852627607409,-0.7373120420842028,-0.8327537070794389,-1.3703955447564669,Moderate,3,0,-0.4753856084972853
26111,MI,Midland County,-0.42308308324502997,-0.6742053929993224,0.46997364426807525,-0.5522835209230268,-0.5994973879753447,1.4380715080563866,1.0781509269329677,-0.6918975570006503,-0.3393901733699223,-1.0689069275899277,-0.48636832300607474,0.3683573406543935,0.20361459740900095,-0.43538469230391835,-0.015238749347063985,0.37890474299120275,0.09743502630137306,0.7648528899221025,-0.15421095023122194,-0.45825844329497517,-0.2730232801585049,-0.566220144976882,-0.6787074443726633,0.2716054237731519,0.3071885112599771,0.9177315888945871,-0.11200760908346259,0.38818926615744176,Moderate,3,0,-0.2866552503171079
26113,MI,Missaukee County,-0.14672677560370292,-0.7449036289366235,-0.4936003778206241,0.07268575583164545,-0.6025709598854224,0.18019514135189496,-0.721200100299848,-0.5635926394755928,-0.3401317530137574,0.9852935880439511,1.0004889037012936,1.2492325027285802,0.7927584957909293,0.15143842192077608,-0.12784393212590658,-1.1504414622743102,0.8852659607507717,1.3899264979431054,-1.0222962457590559,0.2088569884255449,-0.48351347123652255,-0.6578213053182385,-0.9827759752470784,-1.1124904481171645,-1.119976592258005,0.08806256648611192,-0.5028043428380791,-0.2130683223884943,Stable,2,0,-0.771747152277941
26115,MI,Monroe County,-0.2388455448174786,-0.6015044136212773,-0.5353663403092969,-0.016768648709240424,-0.4026509038784333,0.4061704340434826,-0.2670629889370423,-0.7426490867729447,-1.0298876797882637,0.17651859455778254,-0.01232289982139557,0.8395433530936677,0.9740022987920106,-0.8568286570249013,-0.2931566212521331,-0.3319383257184486,0.13360391651810813,0.3336477224008414,-0.6176885806649431,-0.38799378767911197,-0.23875879457909965,-0.5849938071130024,-0.6867243651188969,0.7735735944539934,0.7594150752895726,0.8930325576309738,0.3396964983798318,0.5780471619914574,Moderate,3,0,-0.0619615693493637
26117,MI,Montcalm County,-0.6810156370436016,-0.5216125901812034,-0.6391092711439794,0.127201595566832,-0.3860432886870751,-0.5689459486769641,-0.998745902675281,-0.252794284053157,-0.5075921481734296,1.8898809335452562,-0.0737652499168357,1.0256186260980908,0.8718430172285505,0.14462783498897847,-0.41872225286520953,-0.7644391082906326,0.7828189942708381,0.6198279422275592,-1.1852938823088472,-0.6801087234137151,0.12907141975047204,-0.30450998461959833,-0.5432927791687684,0.10033356671036743,-0.10989808848733622,0.17719257294470603,-0.2604299306982175,-0.327560019071493,Moderate,3,0,-0.3313482578756878
26119,MI,Montmorency County,2.358903747010996,-0.7142026134574134,-0.3975175842223952,-0.6236230698161549,-0.9527369281851584,0.10743904484252423,-1.045623530897396,1.1023504168428866,1.338512884607367,1.4131144241038565,0.10110281571568162,1.6432914173496527,0.031404882618426354,0.89510038385034,-0.434054980728183,-0.05782195478236829,-1.7778814924055133,-0.5091411116441477,1.7300431249896433,2.6237957917841346,-0.899070634081267,-0.7751124108983555,-1.1599320910339912,-1.4927612052794454,-1.4576613656265507,-1.3891144001470253,-0.7076606087600874,-1.4102621765897674,Stable,2,0,-1.268945852588974
26121,MI,Muskegon County,-0.7547106524146219,0.15145279389962335,-0.3913112056198187,0.9411198607196449,-0.016727207117705135,0.4708713942039085,-0.46014756754911323,0.11005423948042128,-0.12152409891091415,0.8848252749106377,0.8115327166323408,0.3658468309888833,0.8537811200238341,0.17167983965710074,-0.3944230163103984,-0.6957939699912775,0.7436306012101053,-0.25464029695349816,-1.103348633758132,-0.6973214895525086,-0.13096578867563233,-0.653133167306945,0.502013654538021,0.8738319277846626,0.9289645575670393,-0.0042209363869713246,-0.0699526040628793,0.4419685780929224,Stable,2,0,-0.9672062387952148
26123,MI,Newaygo County,-0.2572692986602327,-0.7060199022026382,-0.523498742962086,0.3420831746039232,-0.017986199912548434,-0.3181262048846127,-0.785981197928231,-0.18850112792701132,-0.3187272248531864,0.7741495966078173,-0.49427527700075546,1.4664244942374431,0.15401162906846472,0.9188012557607625,-0.35825678364995545,-0.478775458110782,1.2606050230856471,0.944018814556688,-1.4005679705533918,-0.06800658075695222,-0.37949974989657564,-0.5785330316420735,-0.6842822565192661,-0.13416415890896366,-0.47970136503500366,-0.14294538056566292,-0.24202290978037416,-0.14673412229004057,Stable,2,0,-0.9974896476190568
26125,MI,Oakland County,-0.5152018524588057,0.2086680567257841,4.162640818501102,0.5192646066618487,-0.2701073946999133,1.3103910207078615,2.543790833079984,-1.419549802255675,-1.4875419625078927,-1.7545204071121645,-0.22461541990042116,-0.3327175597774409,-0.9455525242923216,-1.331569438824077,-0.17847181234356863,2.2257298675287687,-0.5507150718634911,-0.004207986470737005,0.44365274725488013,-0.7917633488637659,-0.21612964018963324,1.9800490586598736,1.2463439553153943,2.4835397431797315,2.094788913642885,2.1058394064790606,1.499221982498822,1.7775630014581605,Highly Volatile,5,1,1.6943585044585177
26127,MI,Oceana County,0.019087008981094344,-0.6898428450735168,-0.6841385882325918,1.1291288100410288,1.9030384516556749,-0.059603852367974074,-0.4443647970520014,0.007180918164480171,-0.4086557366522885,0.8652643956429737,0.8359827099357621,1.1948846742158834,0.1406877967326635,1.3019551336769117,-0.33537368576846505,-0.6598948025645663,1.2139758166811156,0.9389819298287359,-0.9928731260449433,0.3110377499179178,-0.22718500690071375,0.361447174441158,-0.2376092699434404,-0.6493436838477239,-0.6317091763862257,-0.21596554784436273,-0.19050515086646386,-0.947286873076885,Stable,2,0,-1.2435445330357924
26129,MI,Ogemaw County,1.3087497779739539,-0.7243311166137782,-0.3203055153475516,-0.6840878402663532,-0.8458541757804642,0.053194694870965474,-0.8793526225244565,0.7411560732457286,0.8244427819457534,0.4194732060945549,0.6899622047599907,1.0992366800678899,0.5933249809027904,-0.36627047472680374,-0.29961892621677805,-0.16775623759193392,0.0015284135736796677,0.11616524639594955,0.1174575896683737,1.3610029716847867,-0.7165841137279471,-0.7733417684352896,-1.117598717727186,-0.8551127074813095,-0.869055011127841,-0.902115182999841,-0.7750452672101513,-0.5766096203486712,Moderate,3,0,-0.1013481141094624
26131,MI,Ontonagon County,2.8931926084508945,-0.7266320997889508,-0.5298464333316724,-0.3844534630258818,-0.9401240772243278,1.1451216350529227,-0.7533838324484934,-0.2606964946954321,0.5103107158965595,1.02990880984791,0.11415659222953722,1.5351673898616285,-1.5353982581274348,1.5079190495271322,-0.11510344373355938,0.30256115236037395,-1.0030894367775356,-0.005196949120589349,1.7967941130069198,3.622253844868749,-1.0454525604185099,-1.0576218331772798,-1.133183965610017,-1.8874116399197387,-2.441936999625683,-0.9275467438614451,-1.7083958648454403,-2.5056000155076292,Volatile,4,1,0.1686957114318215
26133,MI,Osceola County,-0.03618425254717184,-0.6802269072843573,-0.525625441641634,-0.7945650971862743,-0.871428330699159,-0.08256515146561696,-0.9402739845009545,0.5412684985367384,-0.00036307173261229474,1.372407655209686,0.7763584712436883,1.0974622991477003,0.3418996341495083,1.0683218538391337,-0.31369265193270246,-0.9327620177823104,0.574935993368466,0.7384485102873578,-0.8228215422147316,0.19819612748030582,-0.4051713067589801,-0.9181011592891704,-1.0145084128977457,-0.7688926927459068,-0.7889855980508939,-0.5719976852431146,-0.7658457451975984,-0.6665072804895935,Stable,2,0,-0.638852866123039
26135,MI,Oscoda County,1.54825857792977,-0.734425664592062,-0.506460919608437,-0.7551715719485791,-0.8767973181855043,-1.2978167170224908,-1.0376457030098767,0.8729784066209452,1.1309966070411874,1.2853579857964073,1.8155478302291173,1.5577267697776185,-1.2569584432605667,0.6029589891177733,-0.3542598546387169,0.39048589116534776,-0.8381011624498925,0.14075243993892284,0.957526802893154,1.7450299125721418,-0.8915987370500538,-0.9296071433074649,-1.2083570558471064,-1.5915379887718548,-1.5766052145813498,-1.4142398289729903,-1.3758658095874594,-1.4437512500540097,Very Stable,1,0,-1.9174290227233517
26137,MI,Otsego County,0.05593451666660383,-0.709584187705413,-0.4132069802888745,-0.633997737793629,-0.8901367711350308,1.1344350707776636,0.044879585085464045,-1.3463850297929225,-0.7650333383512965,1.1417611346292635,-0.7031641545064254,0.25750750787506677,-0.10878007443839201,1.1781379607801206,-0.03749267891389951,-0.031164744963783707,0.4807390176874258,0.4247944316724651,-0.9709655836374292,0.17763415773295912,-0.3570531660581882,-0.6929612427909599,-1.1555010036054374,-0.6904863724018558,-0.6371430735452993,0.24126364756780008,0.2225937801181551,0.351982690837616,Moderate,3,0,-0.4974159284637046
26139,MI,Ottawa County,-1.3995420369110516,-0.645315257069302,0.7857235375591601,0.5176154589842277,0.8130438174662267,1.1284401074033952,1.3164542570973952,-1.2784057038719698,-1.91562583306803,-0.18651140025043061,-1.0146295637719271,0.5232440784424793,0.19612882716479305,-0.3861052263664497,-0.10288485346649932,-0.009871597392050457,1.4441506493611518,1.9033117149050838,-2.0759961010909014,-0.9854903207470169,1.0080614103889807,0.1319978924901323,-0.0655861524001781,1.3098992271103906,1.2730827376001743,1.7066383200465831,1.3262656302739608,1.1924017474377973,Highly Volatile,5,1,1.766968443134476
26141,MI,Presque Isle County,2.2115137162689553,-0.7392796935024281,-0.6348626507286124,-0.9141994757493173,-0.9778560470859425,0.5479289916826766,-0.4501587418718539,0.08691422718669864,0.10716281533986324,-0.35617086691994654,0.8681351281675121,1.7498094434203073,-0.26130606714359833,-0.014440695582583625,-0.03341453202668098,0.012055286313580143,-0.42479489257828673,0.3327287212942459,0.6311189313078315,2.616130599472164,-0.944822051695388,-0.9641460235447945,-1.3542812165983293,-1.2267541329426985,-1.3488604186714883,-0.4792274655853435,-0.8421717584229136,-1.4303262513781412,Very Stable,1,0,-2.3750096844719684
26143,MI,Roscommon County,2.5062937777530374,-0.7156848143216142,-0.6974569052071667,-0.3071598902959863,-0.8904742914420509,0.3682344301462572,-0.5742331716109216,0.4695144803876774,0.15260807053044143,0.6271317675981843,-0.25459191547845295,1.322977952163627,-0.4276165290393457,1.4730741838042627,-0.22645806275981878,0.19298843279358674,-1.188067390181832,-0.2605625246990083,1.4093842141878923,2.8205404432182446,-0.8807459279358789,-0.8201023845954888,-1.1634171548763474,-0.7512732246905676,-0.7041045041157586,-0.8475009618068637,-0.7058612959896239,-0.6157231255985566,Stable,2,0,-0.8832083526880912
26145,MI,Saginaw County,-0.5336256063015598,0.6422150450529825,-0.08883521646549046,0.2996811990020264,0.5948891283546054,0.3292650078811151,-0.1514556409946602,1.1142725534420799,0.47000387299174706,0.08757506321532256,0.7859610214236382,-0.14709870277534412,0.2517280200100527,-0.12988985913842363,-0.20385830038774558,-0.07833690403700497,-0.6997915162443599,-1.2075046478177947,0.6960128040082129,-0.47743669720362447,0.08185285991159011,-0.6003522487122107,0.9519140632924649,0.9303848968755016,0.6112640272163062,-0.36696387883954773,-0.8140103116673248,0.06608255353463321,Moderate,3,0,-0.1526585025471176
26147,MI,St. Clair County,0.07435827050935923,-0.6013947806722063,-0.45551743086359064,-0.6273704714429474,-0.5488746380189676,0.43935709466464823,-0.5648323236608352,-0.5610055723899379,-0.668806404560669,0.38650263041952276,0.3613586353055982,0.7187683220350926,0.6764079004909959,-0.10190304907752261,0.3765082932259323,-0.583655189264873,0.31532619778367416,0.20501920631431017,-0.4617108611639107,-0.2653705078175926,-0.238540716230223,-0.6987593502658582,-0.7742595644023695,0.7978107761705988,0.5635635578175481,0.4704032863453022,0.2855610520440733,0.44642184097033233,Volatile,4,1,0.1727826143167391
26149,MI,St. Joseph County,-0.7731344062573773,-0.6054349261823289,-0.391711688252848,1.3043284429236335,0.6363501009169626,-1.0746715218061935,-0.907056750821302,-0.5303315681606702,-0.6175383651522315,0.6387612537782967,0.4735439162026055,0.11460979313820371,-0.7472839082332619,2.9587068746204475,-0.31889016674137316,-0.6932945672267211,0.4126294360024072,0.04059226876207347,-0.49568256231047203,-0.5865625615938888,-0.21924487230165246,0.2397417222565201,-0.30343722870438505,0.013990572033173828,0.0798315627286271,0.10608970742617742,-0.3734364720465542,-0.4341842147763574,Stable,2,0,-1.1104298081716368
26151,MI,Sanilac County,0.2585958089369106,-0.7359074186930504,-0.602120417308524,-0.6943625851456637,-0.4257414711232434,0.043068338674575664,-0.9531995885153518,0.4180050682852845,0.06811593839180859,0.5668626388223159,0.5102170674574991,0.9523812846394726,0.3139991651804697,0.06663638948558542,-0.20798231446932705,-0.4982774740209848,-0.06623954011526328,0.17612232486991533,0.30477057038275235,0.3538668694826662,-0.3838522973416531,-0.8485872615094263,-1.1181289561317047,-0.31862041133186436,-0.7695715218045098,-0.5193352203815155,-0.538202981147743,-0.6665072804895935,Stable,2,0,-1.0625046298085978
26153,MI,Schoolcraft County,1.5666823317725254,-0.7220267646156441,-0.631053979946472,1.5526661282898475,-0.9678426836250278,0.2850909038307429,-0.48573253766761404,0.11043460040623315,0.005996761671507096,-0.38281702417197894,0.6569343753234769,1.4777306079687613,0.5434979164765457,0.5452586120581719,-0.38791358984290847,-1.3543092923742286,-0.8778258849948346,-0.2513774063298035,0.1421464683120009,1.617042199041605,-0.68835563727824,-0.7677247979457634,-0.38199727662203636,-1.6206493814681873,-2.1393108247448698,-0.7055916714401586,-1.0272845500733419,-1.2851890335736553,Stable,2,0,-1.098438568086201
26155,MI,Shiawassee County,-0.165150529446457,-0.7340375260544129,-0.5087090752379749,-0.9093655096475829,-0.6590019005960208,0.6440941333192705,-0.5965321052819421,-0.37701228879075693,-0.4542273511752193,0.37844470945698255,-0.7196099927540142,0.6337947907282118,0.6160462552080326,-0.05176438423759789,-0.33323766212553513,-0.4462514109805654,0.17910899050190204,0.125646750636144,-0.3456625691475306,-0.4788423520978115,-0.21883001346537995,-0.908889859895476,-1.1708481895362672,0.1024243010717372,0.1201764311214402,0.18180096308292681,-0.4827719033285824,-0.17213382034205915,Stable,2,0,-0.8286552071753566
26157,MI,Tuscola County,0.12962953203762412,-0.6779985938342273,-0.5594526613065426,-0.8335975258341723,-0.5299682707478083,0.607227517107622,-0.9674737676361248,-0.18272159139130106,-0.17420892852507797,1.4209649733500354,0.5222855916794115,1.4492371581936299,1.2038744573514588,0.22403412032610504,-0.20134461801378234,-1.1957765673806506,-0.09451842850700927,0.3806060633955318,0.2595547041676981,0.05067864416979797,-0.3870117627759399,-0.9426196121316591,-1.013623199972666,-0.09994949746103002,-0.41301890627813603,-0.10166598203007926,-0.8763363652342733,-0.5989193177635238,Volatile,4,1,0.0581070849233646
26159,MI,Van Buren County,-0.5336256063015598,-0.49743013053216323,-0.4624788076180591,1.6704082237721112,1.281621137050829,-0.2620623095872204,-0.29343167238537665,0.1724756251920525,-0.22962738942365762,-0.26076150492863975,-0.6116214581070145,0.6910029523541701,-0.0021840942251168493,0.5057567539482045,-0.10466842027830518,0.029658869029466885,0.7492962657505593,0.22936807104456847,-0.7588860033046018,-0.29911873886748436,-0.3297112415835243,0.2429871958302805,0.08341922702929738,0.19057194665160596,0.0988928840199423,0.2360242278317571,0.045714556228675186,-0.3222933513219236,Moderate,3,0,-0.397481465688284
26161,MI,Washtenaw County,-1.6758983445523785,0.10431368599071719,4.529697434147926,0.8954171185808559,-0.11392369834938172,1.5731961564918129,3.319878132878558,0.13846589665988882,-0.772530079881613,-1.7770991187517209,-0.34694148780657014,-1.7662505131895543,-3.17646302008446,-0.9494532667310273,2.2930582208074415,2.7557616340918893,-1.8868087532403404,-0.8151251471304961,0.28983007248816256,-1.1992645853397585,2.4400654276272236,2.197971462901809,1.3241812603453025,1.4763992219638975,1.2567643765779635,1.6304906502589371,1.741992970981433,2.058441487126097,Volatile,4,1,0.831530550948278
26163,MI,Wayne County,-1.14160948311248,2.0279699321663656,1.3428048339185612,0.2952213509958277,0.10892990540502172,-0.6977113110537011,0.17072442781486843,1.7409700885274901,1.0436904519372923,-1.3068798423842165,2.1975609315346736,-1.3598789066317118,-0.8383135647242101,-0.22123633075585283,0.8672420282957325,0.8459119009119892,-1.1214794690994023,-2.2111482111253986,1.4192795525494015,-1.1768589967949117,-0.13279908960908834,0.8899537314606678,1.68210121559529,2.747629805506956,2.6410455968271873,-0.37405369339503913,-0.3702362344829429,0.8833841100994884,Highly Volatile,5,1,2.385271496103978
26165,MI,Wexford County,-0.34938806787400833,-0.6772825109175787,-0.3982618700871312,-0.33155751693391855,-0.7510450697301395,-0.12775506235413867,-0.4638925468007498,0.07719094744744638,0.16260934607444255,0.405057779510833,0.09120221786835069,0.7332788259827157,0.10578976121545676,1.1893886024329738,-0.056459700413528796,-0.727796425810991,0.3256226041896181,-0.00494529680382024,-0.45345500866931343,-0.08572914100972134,-0.43240553926433434,-0.7241451278189294,-0.9216315713553084,-0.4579426260546168,-0.4826753115561786,-0.3275919106790468,-0.5028043428380791,-0.18233323227242929,Very Stable,1,0,-1.506022847029484
37001,NC,Alamance County,-0.9573719446849286,0.733841655468642,0.2855207133920246,0.7292738151339881,1.8484398569605365,-0.43136470757800327,0.2852854953491276,-0.060043829175699434,-0.3599404014471812,0.11780585778521985,-0.051218693029210935,-1.3273139382217043,0.29752673629423965,-0.3561252323845831,-0.323993880372957,0.2300814385287019,0.12885143142290853,-0.4712349221469711,0.09467743533768996,-1.1044840294343579,0.25406053945025686,1.8199344120515035,1.47256651935918,0.8781174972100506,1.073789955750697,0.045438118671205535,0.492658916137635,0.5996219489680834,Stable,2,0,-0.6373384125383752
37003,NC,Alexander County,-0.054608006389927244,-0.38558694758143375,-0.19343651101140052,-0.9367120286116988,-0.15728694507558064,-1.3348176860277223,-0.9340238931220205,-0.24854302133821043,-0.314666258256197,1.552094254238898,-0.07103998704691372,0.7058856321660247,1.6069968584009002,-0.527149240708874,-0.434054980728183,-0.9434397474334729,0.9040957593767827,0.7558067674275561,-0.640070708348472,-0.09951902431296013,-0.4286360783952758,-0.39522456161087094,-0.29561545524676297,-0.40417742778542354,0.1922185922708841,0.02197480075690774,0.11805624245339578,-0.9172235930776135,Stable,2,0,-0.6088792985920926
37005,NC,Alleghany County,1.5666823317725254,-0.6356968171563159,-0.4982451999107507,0.3019350298460412,1.0478431759964333,-2.0571192769427875,-0.23443631593689565,0.5756184440709297,1.2588602209253992,-0.363200230004483,-0.8958613457133391,-0.10542377106286577,-0.1539211396863606,1.4395621838553407,0.2353959983564323,0.0695878724195342,-0.001789920063280835,1.1845583962087622,0.22380775939982778,1.5402413234226207,-0.8835445036034361,0.3818525251910456,-0.37333559834386865,-1.3624735632104525,-0.6713445077685678,-1.6650857143904805,0.15820619019055732,-1.4842637414040243,Moderate,3,0,-0.4450396954071871
37007,NC,Anson County,-0.40465932940227456,2.651181047644482,0.13791353825841238,-0.15203398006671542,-0.44625412272800624,-2.095276205799456,-1.6171217273005385,1.9655157739230655,2.633384763740212,0.3726352079541236,0.22218189492975154,-0.8714344365696775,-0.48009205055840015,3.2747969164917126,-0.434054980728183,-0.32752499184924805,-1.529262050383371,-2.647667143675299,1.788271242543488,-0.5810202015797944,-0.0881006618236874,0.11620877649230796,1.3985502166909194,-0.8023330010707199,-0.7713852673867634,-1.6508444397349953,-0.8935732348564565,-0.6269599787037774,Highly Volatile,5,1,4.459291659464573
37009,NC,Ashe County,1.0508172241753808,-0.6902247090095631,-0.5118970656314239,-0.9497647477955066,-0.05994219162673523,-0.4919917679311778,0.00438582349372446,-0.02628039333292133,0.5584599286050973,0.29355827882143304,-0.21900104491934,0.5369912968363671,0.5639514528175535,0.44125985878926294,-0.40767439199135463,-0.29974013759184676,0.944736984770394,0.9017762885018754,-0.6337841264736753,0.8928885557297809,-0.5846412392659046,-0.382431996798901,-0.9525528826862719,-0.6482894561176221,-0.4452122780733028,-0.6979421078640142,0.5115091097851426,-0.38056215588148234,Stable,2,0,-0.7873378541523903
37011,NC,Avery County,0.553375870420993,-0.4764830535343157,-0.5153594514847416,-0.3536908930348536,-0.05915609261840045,-0.7567339631285036,-0.08753986392471237,-0.8326066628444985,-0.1511132290359619,-0.9815976775122323,-0.18584018153186938,1.007536792244252,0.34450365609390876,-0.033713720330737974,-0.06566934139681307,-0.25651718619822644,0.2819456407827704,0.8635798138697041,0.08138644371966444,0.35258151997162235,0.13684672506773707,0.33575379203228467,-0.3949798695114248,-0.9902589702727455,-0.3472124583487016,-0.2986162915962131,0.7663443245732918,-0.8636015341827343,Stable,2,0,-1.002597466213787
37013,NC,Beaufort County,0.6639183934775241,0.9682265634565389,-0.6130400305514105,-0.09309150435942326,0.3221315020569659,-0.34720188560753074,-0.4708635278084881,1.0211342579923945,1.1739067494110125,-0.4139195570655388,-0.7564832885342592,-0.740571002431841,1.1386249972404026,-1.205540619834004,-0.37272406927628904,-0.30874535414274573,0.9424781378495978,-0.019505851249468308,-0.7511262524761481,0.5741488004942183,-0.3515248663557163,0.1773914939173242,0.8676963334335034,-0.24146876828283748,-0.5791556900140908,-0.5640108642938433,-0.151727161637287,-0.31703272679542477,Volatile,4,1,0.7795887243110706
37015,NC,Bertie County,0.4612571012072173,3.761793033747167,-0.3309378390709922,-1.3311815119196146,-0.8029443463254964,-2.4583641659609836,-0.6984500948317219,0.6133909550735184,1.2587855653207403,-1.2557421555730315,-0.04211413870051794,-0.3273001846981475,1.2610671902871022,-0.6148834895162733,-0.434054980728183,-1.3547166031350608,0.3150228563476756,-0.5977266121629579,0.32311838323479297,0.27637067596064235,0.12975139611132064,-0.21832151124181112,0.8766971978620473,-1.0140034463844896,-1.1917580527017155,-1.4948127752395286,-2.0673908589275136,-0.4884408689759837,Highly Volatile,5,1,1.8048067432407575
37017,NC,Bladen County,0.11120577819487003,1.6912237150327938,-0.6739424219766913,-1.0806752880957298,0.6146234051815503,-0.5371342032227809,-0.6502261101795227,2.022724141364255,2.6124907228138525,-2.1449443462005777,0.18669437756434906,-0.7822393422723672,0.5750313146788381,0.902488057587165,-0.434054980728183,-0.5106156890347073,-0.30496872252230933,-1.021119969299028,1.2284656542344357,0.11595299366146024,-0.29531131825113455,0.45671210023962666,1.3048458626886028,-0.5731357318090948,-0.9418606049623917,-2.2142965595644752,-1.1654542909705867,-0.8636015341827343,Highly Volatile,5,1,2.6237547025809413
37019,NC,Brunswick County,2.26678497779722,-0.12923563672010754,-0.38173193419231777,-0.08067328599634013,-0.1473835807385526,0.8489236445934764,0.8873352315796673,-1.0563462303974585,-1.0058418901333879,0.9317825192305307,-0.30814488730065537,1.2128507905995287,-0.34318056122959667,-0.4921669168910171,0.030404594313640225,0.9902742934277331,1.2486928573270342,1.4791276290310593,-1.3201896906782113,2.224322373933471,-0.9343729115581388,-0.3581145634638687,0.08265466790349421,0.7581050387280315,0.39191192693116633,0.8721804419010485,1.5502722040515362,1.6935622314330057,Stable,2,0,-0.9867212898982214
37021,NC,Buncombe County,-0.2756930525029881,-0.39936613408455635,-0.11948251996625142,1.392627206912627,0.45906572252100036,0.609467826860786,2.024727343064632,-0.4266695920037325,-0.652074820610675,-0.1239105595697785,-0.5377630564504314,-1.174349420376635,-1.1023721458043034,-0.5983219519696665,0.0643253822412638,1.6330383754253286,-0.7677835342582977,-0.1844364673317666,0.12474212397109498,-0.350519604514946,-0.3782837401480191,0.8501357566123129,0.05607529546319776,1.2341739336802133,1.0741575244535944,0.6953204548837654,1.87395739089661,1.730712321626203,Highly Volatile,5,1,2.16934735308357
37023,NC,Burke County,0.1480532858803795,-0.29930322796850783,1.264864053727937,-0.721086409231113,0.4461059474558054,-1.2842036868576343,-0.4936913887387108,0.4800332227981991,0.4668984648914097,0.40704887475568247,-0.47646443491131935,-0.093587321390558,1.395800744804024,0.25542938052394853,-0.421039762654359,-1.1092083440320761,0.6969355926754967,0.03929349917971721,-0.41530754273642767,-0.1605121892784859,-0.0228951498906757,0.1375089632335051,0.3524388101038484,0.30980291221447165,0.36428425604943704,-0.5432143168828976,-0.26196922014832824,-0.2491883025823189,Very Stable,1,0,-1.3603281487485002
37025,NC,Cabarrus County,-1.1784569907979894,0.7012122924338616,2.7679791942063248,0.8524379335954916,1.3246305912724263,0.44921726074370305,1.2159015682531067,-1.0465621279197512,-1.2968072169075202,-0.545223331164289,-0.31936785509940235,-0.5275963938510659,-0.7518964261984514,-0.5239681381929662,-0.017568854785548985,1.5420666629153013,1.9270502616164782,1.3410832642825914,-2.015520557603968,-1.642186027722796,-0.1356649058077,2.1377763232516935,1.7522667798054503,1.112448433173234,1.43589381119887,1.6203260827255224,1.5907869276315711,1.9023673294143386,Highly Volatile,5,1,2.6191988685880445
37027,NC,Caldwell County,0.24017205509415518,-0.45812348097157224,-0.4617811225247493,-0.41175430071366576,0.07110042509648543,-1.5952196848573634,-0.7186604282604152,-0.05569747987362889,0.3446362638709397,-0.2781609758113844,-0.068694934367063,-0.22010076159215158,0.9943151811183811,0.3417201906443972,-0.4031443548542603,-0.7193501142226517,0.43781471457985466,-0.539023578778485,-0.057898823967289216,-0.13258493540817873,-0.24932683936773928,-0.09243706217039939,-0.3465102023857156,0.23979194599716855,0.3513713526131513,-0.7382290624744587,-0.1591436708127898,-1.0386779479258919,Very Stable,1,0,-1.4148928127146745
37029,NC,Camden County,-0.6073206216725813,-0.050267473281249586,-0.09862955346882678,0.8890876123735126,-0.44039346738389773,0.7509810799772907,0.27228146838034784,-1.803839961436278,-1.16138145486172,-0.11925731579567017,0.21362978660407578,0.889816322311623,0.3681148695288466,-1.2843235054445332,-0.312330639816382,0.19449121889524043,2.4994428572018905,2.0359348137135944,-2.5917136446869162,-1.0926270821039195,0.140508079875739,-0.8783550862768021,0.3286895108368453,-1.3806058645525459,-0.7074055809102151,1.7394688488666954,1.4447028435606173,1.2711581292602376,Moderate,3,0,0.0072461030649426
37031,NC,Carteret County,1.1797835010746673,-0.4469254239126796,-0.19124148638248054,0.04853890492754292,-0.29374079443675283,0.9302856641703962,0.8720686401508767,-0.8547107171643047,-0.33904975963174944,-0.46006700881972823,-0.6991933642354425,-0.07054073154630658,0.3756165951496056,-1.111651174317826,-0.22275520631002801,0.5173812574394144,-0.2122325706785021,0.6257416875259244,0.2085408180906027,0.8696120708024146,-0.5784885402422685,-0.4930833369639677,-0.29451812450651943,0.11611310397504322,0.16992501256586823,0.5462285536252851,1.412341063344795,0.7852258463330725,Stable,2,0,-1.2086397404808376
37033,NC,Caswell County,0.4796808550499727,1.5634112002187954,-0.5270664485827836,0.10411426578882192,-0.257649870422995,-1.7467511262851392,-0.8097027096907312,1.213413749216948,1.2179350900103947,0.5010035645445687,0.0105978661464299,-0.009598362409727576,0.7493860165872442,-0.5675253923158535,-0.434054980728183,-0.4092324351233664,0.22578755161392575,-0.11316908239970472,-0.3742256260040505,0.0054076113864856305,0.1120604038702185,-0.07264367274668791,1.0255074936116728,-0.7981582654605313,-0.5908734581945702,-0.44150614798919785,-0.6033952358215466,-1.1445058295069663,Highly Volatile,5,1,3.5788433441716943
37035,NC,Catawba County,-0.36781182171676374,-0.16582082359819564,1.6755159131297725,0.9292392232670751,1.0650837391783015,-0.6579614354806533,0.02504728023680445,-0.20762846952470138,-0.2540150196306739,-0.015150884864772524,-0.9276765069953644,-0.39832004469243676,0.6422355195429045,0.6254053082557275,-0.3099914089056438,-0.470904931706645,0.734891290593249,0.2062123219165713,-0.7260206541557284,-0.7460314756033402,-0.05096748052143447,0.6967964820003851,0.8713082364164183,0.8146079866689725,1.0538158453885127,0.21699626937750763,0.4938407070015644,0.15231645205234606,Very Stable,1,0,-1.9375325733561133
37037,NC,Chatham County,0.6454946396347687,0.005590410981556128,0.5162390037171022,0.8616014603173716,1.5104096434996328,0.12506265882073184,2.3307992687152934,-0.6176795987174866,-1.1177895807165747,-1.8448913631498303,-1.3855522639892457,0.6913612110913483,-1.5621529682755668,-1.1783236272358688,-0.22114942000353494,2.733325432352541,1.3984688990497933,1.7213649762995369,-1.2309690592172124,0.3717626389155566,-0.6273333134094606,2.240296991034797,0.9249733500566788,0.23590449854332463,0.05184005499162198,1.9203024664040145,2.2451031277719786,1.0736122798080263,Very Stable,1,0,-1.4180665753625452
37039,NC,Cherokee County,1.7324961163573214,-0.6314838810037919,-0.46249876928778333,-0.3969075066512331,-0.5499370235808135,0.5024016722872243,-0.17255369097261847,-0.2990321712294567,0.2623450914246426,0.25773879541982453,-0.6759322276282657,1.097700676312639,0.5946494820091428,-1.0865494028780753,-0.434054980728183,0.09984027296522696,-0.10880058819918569,0.35521081799948084,0.4740589155088266,1.8554796713483754,-0.8843370847452282,-0.7558331837377269,-0.7608291017707681,-0.573245491084749,-0.4244019974089864,-1.0013182207024647,0.38178612375864246,-0.6325887501558514,Stable,2,0,-0.9583988258860952
37041,NC,Chowan County,0.82973217806232,1.7153740274622467,-0.7277977414865637,-0.7261877362146288,-0.4829622655702693,-0.0871519095230533,-0.09077238256547585,1.3278364809713499,1.1510733605546157,-0.5833243728241182,-0.6449810406308619,-0.6112737747036568,0.35587678980181453,0.24676128039758408,-0.434054980728183,-0.5248755225079055,0.8023408831338402,-0.21598590824521077,0.021011336589776573,0.5308275201171417,-1.394015501346873,-0.16782897727868845,0.8495280122949248,-1.1891344289775507,-0.2558243094080631,-0.9785957678888622,0.4244750369674898,-1.4437512500540097,Highly Volatile,5,1,1.479131299330281
37043,NC,Clay County,2.0088524239986483,-0.5994101960545489,-0.4391196771809534,-1.5849865529242135,-0.4542118305672471,0.5690737488884333,0.5955725891240907,-0.17280220573597507,1.0171887186672102,-2.311927751284984,-1.5614755936160944,0.771223391376302,0.516136644291574,1.058420084265009,-0.38363329297920307,-0.4899816033464168,-1.3050852023534165,0.13959986721503997,1.3619789512642095,2.029500412090058,-0.8420279682484669,-0.5744505748129606,-0.816234855723943,-1.3314236402575468,-0.5708247302166467,-0.6883960275591974,0.8985552944254391,-0.6835611145560371,Very Stable,1,0,-1.6559463972611352
37045,NC,Cleveland County,-0.5152018524588057,0.5942458392934681,-0.1416553702672778,0.17274330202265029,-0.3296359135997742,-0.5798524183309282,-0.39882783625597773,0.7252847716524824,0.49997754957525425,-0.870216460919791,0.027021856981908524,-0.5641842343940896,1.0994551667410244,0.049206382743703383,-0.4306958205395271,-0.7876757209008396,0.833799000598146,-0.27108676910256063,-0.43156192521577047,-0.7472039742404046,-0.007980131630573775,-0.252918302933618,0.7737226422658277,0.42339964347662135,0.546934101898585,-0.5483393188307338,-0.04558468020861163,-0.0963530243919292,Moderate,3,0,-0.4151360972152913
37047,NC,Columbus County,-0.2756930525029881,1.3661956588245177,-0.48032941551357955,-0.376815442824986,-0.14314085037841998,-1.0532513947170496,-1.1429455316876067,1.108519847422691,2.1217067730960966,-0.6372527331967339,-0.47472388641627944,-0.5380701895458441,1.311790227692532,-0.05139180268323938,-0.434054980728183,-1.102562145944246,-0.2318011556331961,-1.166338884817906,0.7922636801206772,-0.4575377245066319,0.12068136341359953,0.09002341489113382,1.210990094497321,-0.1446452204535189,-0.579069774848554,-1.421874571125287,-0.9439613821883869,-0.5710491178212903,Highly Volatile,5,1,2.9638525749743985
37049,NC,Craven County,-0.975795698527684,0.7318788761837595,0.880093131995599,0.6147647404569797,0.301003467551202,0.5294840046443712,0.1644591948113328,0.02425650178511842,-0.15389041351948066,0.008309058344729437,-0.5832471324637202,-0.8810423068468108,0.28043392484701346,0.42575970194299406,-0.042501643687444614,-0.6350141368016362,-0.0442395174921384,-0.26506526052311474,0.14996069468938006,-0.325438218770554,1.2372782379796496,-0.30778483929807826,1.243329355248479,0.4363175718288955,0.22143452144913614,0.06290713729300688,0.3731711971454051,0.7934864499585702,Moderate,3,0,-0.4423096182467599
37051,NC,Cumberland County,-2.2286109598350325,2.0935649917699646,0.7637194722308915,2.082019534011021,1.3165453761606034,0.6864096168058104,0.1947968114600983,0.749921894299407,0.07426598371243368,0.6714134567326557,1.5616486204620494,-2.628620051928542,-0.1371250996635932,0.4316799359442116,-0.16080796081391163,-0.5991961001830914,-0.39771953684007877,-1.3302401766472807,0.5980655246757184,-1.8156438833120718,1.6976648748848961,0.3822706456975388,1.8980904355300847,1.4047127635472656,1.2489548199044147,-0.3101701913583926,-0.057026031425758905,1.2338237717080542,Stable,2,0,-0.6462131021746282
37053,NC,Currituck County,-0.45993059093053945,-0.38441275208716924,-0.24041224112356446,0.3705773114379031,-0.23834993271330668,0.7636961734059001,0.5039529754512364,-1.474580401835969,-1.4969390992723823,-0.8431511108096369,-1.3525221414293374,1.5602793386436002,0.541214104695248,0.6080302401699518,-0.39606071103043217,-0.3062907492551202,2.066682720317525,2.22239111697795,-2.4288832207910773,-0.6288242909716628,-0.5416772462256512,-0.1902987086621768,-0.16807011987867598,-0.5452231816904523,0.046529343690330946,1.8758905532060381,1.7776335298990436,1.0031984316166414,Moderate,3,0,-0.4299061743957112
37055,NC,Dare County,0.9034271934333403,-0.5735706797734699,-0.4850089355036664,0.1806394063246207,0.21172952967704614,1.202281444295562,1.7515552214394652,-1.6878318271286947,-1.8089524990065695,-0.5288573107617834,0.4972195939900069,0.4120411426381069,-0.6838797546387845,-0.2108701776076199,-0.434054980728183,0.8638326788996052,-0.036434506345952355,0.3423630715027369,-0.45003779506889213,0.6986989563500436,-0.7213944788397261,0.3131172209336693,-0.4216713548593566,-0.3722204952075738,-0.08782409259681405,1.619686499629576,2.334533831332649,1.6731709430871597,Volatile,4,1,0.7123347768255687
37057,NC,Davidson County,-0.34938806787400833,-0.0600515283431811,0.11914000104380681,0.8318281869501833,0.5377442369619772,-0.5682412437117528,-0.42494845322116753,-0.18183117872935023,-0.2119317347700879,-0.0466760221280908,-0.6661016318410592,-0.11268859613226863,0.5184314422071273,0.1564356338252487,-0.3999004151268537,-0.1495519073349205,0.6186908042180064,0.27547865011396727,-0.421413590076709,-0.620999019703519,-0.2678797272575463,0.32117701916033314,0.4993981379555148,0.8598485796575023,0.8399650639562627,-0.0724731643984538,0.21478717197681516,-0.16195704863436364,Very Stable,1,0,-1.870946691820252
37059,NC,Davie County,0.1664770397231349,-0.4296651921611111,-0.3531133838894517,1.2201141557763613,0.39800014819993623,0.25532589836224645,0.14028038689808725,-1.0169660623585342,-0.7850222708070489,1.1526086951583645,-0.2581794700521562,0.9089385268787168,0.44117499822879225,0.6263055310029032,-0.3786687578757109,-0.3310889825707784,1.2110789474564445,1.1940468586915183,-0.6280643990653736,-0.060429561107466535,-0.33271200393451833,0.4825083992982741,-0.08017520915343555,-0.24837095401896692,0.3354087339912105,0.7383130998207177,0.6355924424451854,-0.3381115398896996,Very Stable,1,0,-1.3416004077408326
37061,NC,Duplin County,-0.6257443755153353,0.916376281522529,-0.43035280589421837,0.5547293264843406,3.5104949563389787,-2.284500466100162,-0.8361434728057735,1.6603082449697915,0.8190979883108229,0.23541952568042382,0.10873335144002366,-0.6356186096002394,0.37827171366993284,1.2364119462436245,-0.43059189661930597,-0.8253441899512001,0.5747800679166167,-0.16680161889316106,-0.6731119981749603,-0.4988864818354145,0.04461067217208412,3.9631284079780924,1.5815904842451838,-0.15777543433535737,-0.47960060109720093,-0.8566885090510157,-1.1172652911344638,-0.34868740103124335,Highly Volatile,5,1,2.2394653914795803
37063,NC,Durham County,-1.473237052282072,1.6689510161993149,2.3287986274184016,1.3836868438830363,1.9587644956991845,0.2809559194522078,2.9671522578283533,-0.5062776382024623,-1.1420815692603914,-0.7489035751854906,-0.7698568939565987,-2.559985323027332,-2.556450782604243,-0.2503712241660064,0.9031023068158398,2.820252229829569,-2.0300308465821133,-1.6829354016481801,1.4146853620069495,-1.559938149028926,0.25092454542684267,3.762748907907536,2.119715391453694,1.3897374954257644,1.8971108417298836,1.2160360075414844,1.8564174260322597,2.197240193724918,Stable,2,0,-0.9855385811505932
37065,NC,Edgecombe County,-0.44150683708778404,3.4585397059408014,-0.6144936463607918,-1.2122041631844938,-0.03559890500026079,-1.5438205133164644,-0.8479814583943112,1.9673640998252704,1.4166299540356195,-0.9470355597953107,2.247820166716302,-1.8714740731765676,0.4397133558148702,-0.03508665415182969,0.10539690076428378,-0.46015773806543386,0.06835328023522773,-2.183367847704323,0.2766385459244412,-0.5102351381815918,-0.2793394120481084,0.022003696114087434,1.0968854076517351,-0.16768539388371692,-0.10760253291030585,-1.2345078053798082,-1.3849786818972374,-0.3858962271892069,Highly Volatile,5,1,1.7324942714995544
37067,NC,Forsyth County,-1.0494907138987042,1.1495812040921174,0.6039984809965664,1.2141652553381979,1.8132872598201335,-0.017670525206876703,1.273099557809149,0.22234853391811,-0.13617264542933036,-0.2608056925567998,-0.06288039353497189,-1.5148400183906172,-0.48654202458044243,-0.25491262137766413,0.08619782257271894,0.9362347751027763,-0.6030326331436846,-0.9375859458855024,0.7281690704917154,-1.1272718314956867,0.1561162899900925,1.8847364940325215,1.6605601490571356,1.5194493014818158,1.743241960745134,0.1634197736321505,0.595967943422017,0.7436980825791603,Stable,2,0,-0.6687908521870971
37069,NC,Franklin County,-0.5704731139870705,1.0103108388805189,-0.12372755601560127,0.4229744649659912,1.0027490319667285,-0.5832041179653752,0.11235293711534347,-0.6153407197500421,-0.5736596563142823,-0.041388405576103626,-0.3345593368348905,0.4342704137241287,0.09736519666198043,0.24954585863731965,-0.3743030422017892,0.483718075732746,1.712022697264673,1.0492564708464966,-1.5955169482303926,-0.8882435028812967,0.062064973225847676,0.6304179451627737,1.2681482688233856,0.17534923294518548,0.2541235707446214,0.6816766234265623,0.9584197346995202,0.6806925040972097,Very Stable,1,0,-1.6899361327548044
37071,NC,Gaston County,-0.9205244369994178,0.5635608109540123,0.21925165272106784,0.7060995824642566,0.7335894198546203,-0.6206559431344334,0.06018155320811829,-0.01945577414082386,-0.012866761627367922,-0.24292170731710783,-0.24377277668882705,-1.0880995040356896,0.06671331038778949,-0.12527077422193622,-0.17429448750253151,0.4602176922947253,0.31046240917051576,-0.6464823057069264,-0.4361548826703684,-1.214792624760093,-0.1686571118355387,0.6992291172547835,1.0878604332332156,1.1081356382160474,1.4439617480873967,0.18747899801622686,0.7684914603445246,0.9675817622444093,Volatile,4,1,0.5449660784723823
37073,NC,Gates County,0.6454946396347687,1.5900795961747676,-0.7650977206370537,-0.7340677630057648,-0.8628134005276,-0.11103163557310315,-1.5153443930471158,-1.0143144979015526,-0.0894843209222798,2.275771728832389,0.44154412414679484,0.7301778038378801,1.3558446781467852,0.574171067181922,-0.434054980728183,-1.319464616979941,0.25313727498999306,0.6679980650754745,0.46626845046611737,0.050806966609740656,0.2758645604113548,-0.5740934444825808,0.6975570649492648,-1.4225775139283372,-1.0233374101332722,0.09891759008249461,-0.496111231035199,0.9276804331657535,Highly Volatile,5,1,3.394490001402247
37075,NC,Graham County,0.277019562779666,-0.7386518549387152,-0.3814883215838967,-1.6317200692002045,-0.6962750505862998,-1.3536208242084151,-0.8395898536098091,-1.6695636299667795,-0.05117234063285173,-1.1949298820477479,1.1713578845837938,0.7088337881341166,1.0107169051851037,1.1351090459440267,-0.434054980728183,-1.831457089666692,-0.7352304380564435,0.19351791420578612,1.5281481565385042,0.594134939232146,-1.0011719247527247,-0.6652649084829969,-0.5466481913350678,-1.6262574104311383,-1.099303288585198,-1.3966079819969257,-0.4994558253088233,-1.4774867501155835,Stable,2,0,-0.6654143369999269
37077,NC,Granville County,-0.31254056018849885,1.4427323201811266,-0.5531611470845705,0.1275454485288758,0.9833006120281114,-0.6105213179212389,-0.07077067626622396,0.38116492118098205,0.14253714649083377,-0.8810265706539954,-0.36197408733278524,0.2400412657566554,0.4534807442099791,-1.156871677547308,-0.434054980728183,0.8109181603585068,1.7370470505070836,0.4718104307484701,-1.4147200595668223,-0.8074433342935924,0.0029529230872120805,0.9376985778596487,1.32636866860798,0.012765508466805844,0.0298194338096185,0.4588457332050689,0.5650201855957833,0.351982690837616,Volatile,4,1,0.5926385499210397
37079,NC,Greene County,-0.7731344062573773,1.648118194076889,-0.7371066529417073,2.4908158984263586,1.8865595656178797,-3.262133677939135,-1.3867456897927788,1.8014127607905708,0.6743544777221565,1.4141187349661775,0.3175996355175173,-1.1323002995834812,1.2223794784756292,0.7986192273621487,-0.434054980728183,-1.2197012167821273,-0.5839038716962666,-1.535899869599094,1.0669390200603612,-1.0302064188224245,0.9585131297206825,1.68820375391896,1.5791687479065684,-0.8707606941107766,-0.28980591745745,-1.0385049311745915,-1.5663217148501711,-0.4126600730258497,Highly Volatile,5,1,1.5724954455936009
37081,NC,Guilford County,-1.2153044984835002,1.8039116436928195,2.33163176689224,0.9171081171432103,0.7687411351298638,0.08314032610833588,1.3285424373916943,0.2361994176932123,-0.24669919622417147,-0.5668789334586715,-0.35981532468712346,-1.9831081534414625,-0.573443867321913,-0.2587268427175029,0.4239989285839305,0.8045102722714966,-0.6883391966533263,-1.1765784067683898,0.6393567666902956,-1.2812989319513777,0.551517380828244,1.9907562106237862,1.938616623182965,1.7953398066210504,1.6466742372522356,0.2759828102692704,0.7022661582904963,1.0071388132703067,Moderate,3,0,-0.4966991959437992
37083,NC,Halifax County,-0.09145551407543673,3.1563788250595377,-0.23828040420410568,-0.29679993053206366,-0.6118473027068373,-2.350599060271895,-0.9882611462365334,2.2297676365879426,2.9558431651162356,-1.9156387151451617,2.5791545509256255,-1.5943809345261002,-0.03481161353468913,0.41801129682621607,-0.42988086515550517,-0.4387472575968983,-0.8038146528488561,-2.167938250502509,1.1100024824545724,-0.2953534065714677,-0.36369028796135705,-0.21019095586413467,1.3241180981055145,-0.18554148688047467,-0.4124548902421221,-1.8416065009645655,-1.8525321035326998,-0.6325887501558514,Highly Volatile,5,1,1.5400829209593767
37085,NC,Harnett County,-1.5653558214958476,0.7670701964350753,-0.21660423012613705,1.246128212545779,1.8178713301066605,-0.520603498500465,-0.14455992734221232,0.035314569916768644,-0.3222953097256341,0.43650298080591615,-0.2841869417838695,-0.5460070823476175,0.47152330713491925,0.3960435719775357,-0.3810405531139198,-0.34753060367547095,1.1849235195649492,0.6590292933247106,-1.2586370871308052,-1.631938530235486,-0.14269750799860095,0.7783034580284205,1.3822438520848916,0.6834228127006206,0.6051905222493268,0.4716374734843691,0.547680897322029,0.8017321963752845,Stable,2,0,-0.7488765277492183
37087,NC,Haywood County,0.6823421473202782,-0.6981555144837981,-0.5555379748058121,-0.20025039356585123,-0.2868024432429559,0.22073618155907854,0.36769264841343147,-0.11471777764095979,0.36579001818679024,-0.6424655459361064,-1.2854452935321692,-0.044403506660187435,0.3666254845438748,0.03396891750342642,-0.4153211327621223,-0.25344026598365593,0.10079502138878824,0.38140908352372566,-0.02310523901534788,0.5731249389569304,-0.5860431303213035,-0.41961860527297934,-0.9339754824286146,0.03621030411557327,0.02111034239636124,-0.2580034536824263,0.9067464546224842,0.6125182550014644,Very Stable,1,0,-1.3855428836396064
37089,NC,Henderson County,0.6270708857920133,-0.5467553409238094,-0.06624748052605436,0.3772230182356471,1.3968178898721815,0.31382067617207876,1.0739932769663134,-0.4933483327432907,-0.8440322775031535,0.13215530585132138,-1.0529155542003028,-0.02816532157047855,0.01248291369683944,0.9822790458738437,-0.4022213853505164,0.012679623030966593,0.8830645615122464,0.9223242775488472,-0.6138319513164839,0.62823834509865,-0.5647266247372484,1.3104191331974078,0.04860309047903052,0.5529941441417637,0.8526158735705581,0.24156721943018747,1.5632995830414005,1.1007060153954842,Highly Volatile,5,1,3.274239706498261
37091,NC,Hertford County,-0.2756930525029881,3.4742942554636143,-0.1458171412042805,-0.6912109777024961,0.01273432959860367,-1.8257538589163587,-0.9421538207589462,2.256137087657778,1.9966050687791792,-1.8914426594667384,0.5147191349912776,-1.0213903712373087,0.47918077388990005,1.0628933274777346,0.4429044720736027,-1.3543128923842849,-0.8149303430768713,-1.4218227951207132,1.5756264289318427,-0.30892481412001066,0.7874316308856467,0.4530249101306793,1.2849579292112612,-0.8939778081376606,-0.5366343880107681,-1.8476258017735596,-1.5228865044087685,-0.4612322800850207,Highly Volatile,5,1,2.554187044351493
37093,NC,Hoke County,-1.8785596368226853,1.7251344558699089,0.12856548312436872,2.2610655787590983,1.9231126985349802,-0.511869969170789,-0.24693519621205393,0.8429876477484725,0.246377665345159,-0.23296247092438585,0.9133041202314562,-0.2938752858533825,0.561683912138599,0.5691798418809628,0.11670224772581407,-0.5978696031546813,0.9872061202952077,-0.378142381594258,-0.4790356193099684,-1.858962022804118,-0.23245975817862302,0.9362804279906067,1.921956124485146,-0.08696204015707926,0.18025362125777608,-0.013141836687333711,0.21739174750976348,0.7059987345235789,Moderate,3,0,-0.0307733076044454
37095,NC,Hyde County,0.553375870420993,1.0987842967073544,-0.7650977206370537,3.758607578119076,0.7794577403865875,-0.5738887878319063,-1.131379088234452,2.075417834202105,1.138981547413277,2.2842711438047343,-1.661880363650899,-0.42719460643464263,-1.1732753413317056,5.388924266455646,-0.2644827295571283,-2.139851949903438,0.032224037808164935,-1.4679478343393668,1.040796813185115,-0.3645047849345229,-1.6710617200771534,0.8699262502589972,1.243213790445273,-2.0838003718096565,-2.0837618037604093,-0.9931227854948307,-1.4101901276544353,1.3849994984442766,Highly Volatile,5,1,1.4197234858869343
37097,NC,Iredell County,-0.6073206216725813,0.08716096933120665,0.6356133092014408,0.4156719439179573,0.6037477904636215,0.30389879184035157,0.8309845964227335,-0.8626527523495418,-1.1091684700996391,-0.17653723837647833,-0.6135549493332413,-0.4389429252045212,-0.5180259369971884,0.07572196715813674,-0.25615872090162856,0.9617468256806367,1.4502475053723254,0.9609717833405574,-1.511774715880468,-0.9920477841119621,-0.1694109759618389,0.8079452724626566,0.7793138868839677,0.963576032627445,0.9125158470400321,1.1593368387563106,1.308557020415271,1.344926957673342,Stable,2,0,-0.7745665777078934
37099,NC,Jackson County,-1.104761975426969,-0.5964862195391393,-0.18081233599456706,0.6527042895564242,0.34315687608671996,0.023418060295961128,0.527734282134612,1.065792865571697,0.7731345841054974,-0.0012499855796927726,-0.14877232958561776,-1.8756438476048019,0.511135500848193,-0.8096527366854793,-0.434054980728183,-0.5600048770347065,-1.6978222161497663,-1.183390442260272,0.31146349298202997,-0.40152004607103187,2.5723023483319203,0.5310362456974147,0.04267907887154514,-0.2548503477878397,-0.17067888271560225,-0.7944768504070513,0.9624332574346862,-0.14673412229004057,Moderate,3,0,-0.6049033398341298
37101,NC,Johnston County,-1.104761975426969,0.5171102991188632,-0.2882695723815556,0.8833300983482549,2.1632202892746215,-0.007248692350444521,0.304268663924333,-0.7170343992305241,-1.1965567078718866,-0.5080022306407487,-0.8367007870921314,0.10528772909484459,-0.09605638264293408,-0.4500842861827499,-0.36034052440721204,0.9891318069172638,1.7710180896179377,1.434584612636787,-1.8309743437111483,-1.605824989133765,-0.11985391517871262,1.4739407590491491,1.2341523621994681,1.105998316847576,0.7948935138033013,1.2827437509606832,1.1646574260156621,0.9396873377286675,Highly Volatile,5,1,1.4000792963255235
37103,NC,Jones County,0.5717996242637484,1.2580107973389854,-0.07466984024177155,0.6640514133128875,-0.263736601431813,-0.4016004551262859,-0.619144124271256,1.1521771663249754,0.9094343638447803,1.7566557864495564,-0.4964454854193594,0.5452506944231676,1.0438669633033457,0.7308694091541617,-0.41555695931985787,-1.411043738028108,0.6378443630581104,-0.2598294657731532,-0.2943395286294383,0.27582556473695213,-0.6529909710324232,-0.26257905396909365,1.0466597607045514,-1.5112114441084712,-1.361212785680004,-0.45138791624069285,-1.2687218382533412,-1.020253406966205,Highly Volatile,5,1,1.300889091070201
37105,NC,Lee County,-0.8468294216283976,0.5815350983551983,-0.26064123222211477,1.91479516777423,3.1802332228314634,-1.5751426867916012,-0.4641754940601527,0.6954744027487145,-0.27085047534366347,1.3368863446385684,-0.8159220772275889,-1.027245376173968,0.725098538303687,0.2572813385171396,-0.3230262027006545,-0.8248258863279344,1.1414342592728033,-0.22217149480083304,-1.1720857905315627,-0.9926891021359411,-0.10166390143302348,2.6261646312414175,1.436773180406522,0.07604876422093902,0.6846650177653404,0.02458709586103673,0.47725094647508337,0.39269504909684566,Moderate,3,0,-0.4443870632966987
37107,NC,Lenoir County,-0.40465932940227456,2.2147402153753504,-0.3213430447636426,-0.3472602199480406,0.5133176133000202,-2.1521408060879197,-0.965706053068646,2.0204313737009563,2.0782738255621482,-1.4696997530393048,2.4303364255599607,-2.0788000228035135,1.1370179945875072,1.3780485415507744,0.023122393232900332,-1.555242150675388,-0.7957061953336152,-2.4205698583079465,1.322700616966951,-0.41683287630770866,-0.20580047725654502,0.36997854266658337,1.4282016985633303,-0.07078945085401345,0.17807790306774046,-1.8925939079861864,-1.4919226219492032,-0.36991259529311554,Stable,2,0,-0.8058785937231432
37109,NC,Lincoln County,0.05593451666660383,-0.3186318999860402,-0.31175575766687186,0.127973791118645,0.37178805177919955,-0.2438956051970292,0.2447842158575974,-0.5691161464050127,-0.7879857119821599,-0.6211578621278776,-1.1313146517978945,0.4777638773814822,-0.02301435954544505,-0.7879358380394984,-0.4051589293943505,0.8921525233763127,2.078336748465579,1.6123622295341828,-2.0998973975908184,-0.45130338056408714,-0.3533119015252998,0.4002786035872543,-0.023934006988122744,0.3540456119617459,0.8415885456738345,1.0693886836458617,1.3050020775877222,0.38367905057301516,Very Stable,1,0,-1.8233775363366072
37111,NC,McDowell County,0.03751076282384843,-0.47370231152790887,-0.11768031991796296,-0.6665815759557996,0.1521630641081851,-1.4651581392493707,-0.7882963390706194,0.2923011478456878,0.3682717458985498,1.1581880732044332,-0.6711755584787678,0.04529973257693888,1.329664590327326,-0.18171048506574278,-0.422387655164771,-0.9705578928109971,0.9096555266902422,0.35505478125580836,-0.8491745185658776,-0.2877209041714867,-0.42339172394545,0.025170631371442664,-0.3225432534521914,-0.23569207798667166,-0.06355044210313086,-0.6705331378149574,-0.4911016756511022,-0.6721848462576899,Stable,2,0,-1.2795988031109162
37113,NC,Macon County,1.0323934703326267,-0.6621856319947814,-0.3192465865656642,-0.37009306902285644,0.7643171137191018,-0.184629230368745,0.20415853827622338,-0.4826824952466509,0.6090807837731163,-0.16264186693087787,-1.4659839486444723,0.30767309846734014,0.7378045781033012,-0.22805484469549994,-0.38855109754626665,-0.2001776942091914,-0.7052969990380208,0.18010164048397626,1.0671272462483605,1.2678500130872052,-0.6480412971387108,0.7218861547192217,-0.45816692699606865,-0.37080808502290186,-0.3239622865415458,-0.5019579017668323,0.6130172649132851,-0.6892598521099447,Stable,2,0,-1.2257651463417172
37115,NC,Madison County,0.07435827050935923,-0.683868121611021,-0.48450835597644726,-0.26096036463708505,-0.5582584252121808,0.015452553286678519,0.6386939528531478,-0.35700125364540003,0.883128355540696,-0.3490748714674236,-1.2585353595861946,0.2870376651483783,-0.006779670914806983,0.3912174160427334,-0.32659247475506176,0.08949033110718016,0.1535705729709581,0.6426579673268339,0.6490104852549136,0.14791192844532047,0.5835410637119913,-0.8969659893154932,-0.9780460798501001,-0.8178392016262184,-0.6539780377692666,-0.54860454324506,0.9614304056483552,-0.8223248098301473,Very Stable,1,0,-1.7050265997961462
37117,NC,Martin County,0.4981046088927268,2.294057991339782,-0.4471758876264083,-0.178488604212146,-0.3908289079614483,-1.7403949305227386,-0.9286154144054326,1.6368742468510877,1.3018531453868578,-0.1655170521288255,0.6151600543694682,-1.0961919342191468,-0.08289732358996006,2.1827453349216266,-0.4260481656269674,-1.0863089024977355,-0.1631840288673956,-1.081936439043605,0.73317886547734,0.3799420776091592,-0.6573223366848086,-0.8924441587250626,1.1388892279687846,-0.8261545176236458,-0.674021862064466,-1.5131025732395433,-1.7599709230623621,-0.9533232581119601,Highly Volatile,5,1,2.053014301607904
37119,NC,Mecklenburg County,-1.583779575338603,1.515451222709604,2.882396292050329,1.4277153046363424,1.996227885409808,0.07968659952549238,2.359727231705125,-0.7831621124936395,-1.3686867689064868,-0.8322469574782143,-0.5070470014900021,-2.6086875966820355,-3.3292842600130252,-0.3968418445103691,0.8072612904117118,4.084748535128429,-1.40646491435576,-1.3107964078126026,1.0544644787198378,-1.9765232378305218,0.023976762450926597,4.281982249721106,2.1535653716545817,2.4000619595058295,2.420183789213939,1.5027190903906835,1.9812059344370136,2.5452372226811786,Volatile,4,1,1.0512030772038587
37121,NC,Mitchell County,0.7191896550057889,-0.696461339891088,-0.493531712704239,-0.7088961692222052,-0.1576023430664122,0.07445345423324626,-0.17123710214150065,-0.16462162455569865,1.0026281774545567,0.2432040907402263,0.8395860407868281,0.13203152590589362,0.4985746807081764,0.755075341444385,-0.2277355178184358,-0.6999689826534922,-0.19897368177318148,0.21581591453476162,0.7664487099201311,0.5527849396304265,-0.21184461008299676,-0.5570372194189865,-0.971833124944766,-1.1240412887701283,-0.38991139697574506,-0.6313965838025198,0.22778635022208804,-0.6325887501558514,Very Stable,1,0,-1.4779695709076723
37123,NC,Montgomery County,-0.01776049870441645,0.4660953023287171,0.07496430066265965,0.9774971755490247,1.9627553718236541,-1.9831534352082663,-0.6790074477228575,0.4461610266934755,0.4586855905192353,0.07259809703018692,-1.4389230153530308,-0.03241864103485306,1.4353672245902611,-0.5606452568431012,-0.434054980728183,-0.997527509483468,1.651975394906293,0.46824515859206384,-1.328170834300605,0.03536220223877811,-0.4912133685745243,1.6262983171778127,1.2414210659243685,-0.6771834077727908,-0.5870456963477018,-0.6166843715678764,-0.6524026215378506,-0.9052532631133015,Highly Volatile,5,1,2.9794444916584455
37125,NC,Moore County,-0.2019980371319678,-0.08570991605113858,-0.04227470399770957,0.9127656664882074,0.305655933088881,0.9273833272303778,1.5282700614403073,-0.8525383371033186,-0.9661432008129798,-1.225864499758171,-0.18986946867905402,0.14921982860553623,0.12229901268982897,-1.06273492047707,-0.2852897374552379,0.4203247788980099,0.5415773170751246,0.9669500376151772,-0.19939891754014089,0.22231804195486632,-0.6842841076692845,-0.010687088484254422,0.48830064170589177,0.45402215096587994,0.24921599964285301,1.447408518372824,1.5632995830414005,1.352238974808342,Stable,2,0,-0.8212040259558653
37127,NC,Nash County,-0.4783543447732948,2.2844175802385647,-0.1488577363908775,-0.533538135230613,0.3929282937930632,-0.9526245618986907,-0.3863855140865374,-0.42583638253710326,-0.09305448552687734,1.0477760461554266,-0.12423438467238862,-1.5150290082930569,0.7960144575206833,-0.8853498847481499,-0.23506989875028764,0.056538898769629975,0.15822780322271773,-1.2781986290563052,0.5361689806776321,-0.6967076050956134,-0.17378555626133185,0.07036098359025231,1.467115697287893,0.3841061487468967,0.3853953244822289,-0.2152194460407324,-0.17702230572697195,0.09500778369020547,Very Stable,1,0,-1.3772423322200362
37129,NC,New Hanover County,-0.7731344062573773,0.062007191466228566,0.027164836965248195,0.26647123775392095,0.3200823322307441,1.013840389885796,1.972166586168577,-0.31579030167036587,-0.5689259196167227,-0.6500730984632651,-0.41228305520052333,-1.7945291846344786,-1.0398282256227434,-1.221420287655164,-0.27771680529833825,2.0409935326122235,-2.076895780594592,-1.0752055554345286,1.0473605250053666,-0.7428601170290848,0.6972562723102285,0.703422633032127,0.5782587681268968,1.1093367048589173,1.9433249256443148,0.7458226010863176,1.8446639549224815,1.912077111593328,Volatile,4,1,0.7516180218283907
37131,NC,Northampton County,1.4561398087159945,3.4018087688262946,-0.7481635462584917,-0.9247928063803784,-0.8140984229278392,-1.5369701431113498,-0.8106744051124197,1.8157625744464714,2.5219749333028636,-1.4544084515157565,1.8539313557998074,-0.08495433096249694,1.1767486420531779,-0.027696762339194794,-0.434054980728183,-0.9920403551434588,-1.2699100525133311,-2.0693125916161415,2.4610370117190485,1.0824452595000207,-0.5730734953994211,-0.796259096126637,0.8849289509029378,-1.0253745219451704,-0.9959162671904603,-1.3549069830543692,-1.637721285691917,-0.9533232581119601,Highly Volatile,5,1,2.812413686082717
37133,NC,Onslow County,-3.0208323750735038,0.1478884560334412,0.319937824456506,3.349799276146866,1.59007254948855,0.7946056662316878,0.010434073110119905,-0.48550774562919813,-0.8779745465184741,1.6105966863056536,0.13933675692153524,-1.4917270461670986,-1.9890142193631273,1.3062414968293847,-0.31970159398549075,0.5594214655780047,1.4035359188279768,1.0882143621359455,-1.620735112102106,-2.1723638160753005,5.776054235185604,-0.37398705827556794,1.171423060290856,1.0091683011040888,0.7296322315852527,0.2386066338549948,0.43172946404383167,1.3922479327949742,Highly Volatile,5,1,2.029291804955409
37135,NC,Orange County,-1.473237052282072,0.03017727495248838,3.757848671750523,0.876829771471105,0.888643765434038,0.8180570979969625,3.6277659715633344,-0.2714878538671154,-0.6193994792053603,-2.085336355218484,-0.9443012575312563,-1.4785124664780036,-3.9480900648466095,-1.2035158539020647,2.680777799074627,3.7056566182129993,-1.2925167537623443,-0.13380670252083465,0.056898395699913666,-1.158257965116364,2.00788666532081,2.256074343551059,1.3475602882406403,0.7425905752266969,0.9898258813291109,1.682969498808865,2.3289480935740747,2.160636136831344,Very Stable,1,0,-2.069173810291498
37137,NC,Pamlico County,1.8430386394138525,0.46339577627248424,-0.42724440397118346,0.7732291175416839,-0.30943098089473436,-0.11177284970967168,-0.04982586067002067,0.3753244195828506,1.217324146423197,-0.5765936356857574,-0.023937962562701615,0.9912359229833821,0.8227060426844186,-2.1778898034045127,0.35573681562041326,0.16386636784522446,-0.8571648784377761,-0.45037640253837996,0.7715003607845213,1.421297466867685,-0.2574374131994525,-0.3146944603248069,0.5684156244142118,-1.2786776751733204,-0.8742662939340173,-0.4447979745147667,0.18466249059425355,-0.9897094314203007,Volatile,4,1,0.1653451683534614
37139,NC,Pasquotank County,-0.8284056677856422,1.8673854714983347,0.03815228505802433,-0.18133735367885542,-0.060315834649525675,-0.3098470624509849,0.16753548995843145,-0.6190615799585574,-0.3352466814171202,0.8389940028354267,0.44129890273736716,-1.0051246873813136,-0.6690430877017767,1.488425897959619,-0.434054980728183,-0.09931319007008234,0.8245030920918572,-0.1588652558469652,-0.7029121459274229,-0.8735994933165518,0.2623991505320672,-0.5121364243731411,1.3264081343488163,-0.31119611618610044,0.39417579135410663,0.1188501846792561,0.4099106407211199,1.034627063842622,Volatile,4,1,0.9738941732655104
37141,NC,Pender County,-0.45993059093053945,0.15436594447037694,-0.29533535316598153,-0.15890676902512374,0.5153732461083956,0.10277137404243984,0.47653008589674195,-0.9349600979548212,-0.9816341251921724,-0.6271439878320124,-0.20195636556951654,0.9679075456755815,-0.37610333246982935,0.9857557956878601,-0.3288679021372449,0.6386918622386746,0.7305170387874571,1.00302063855353,-0.6529481729267567,-0.6700876783639304,-0.4372211326537335,0.39196084439096646,0.5780145842731753,0.07276341332765418,-0.30632958808666155,1.0939057709766078,1.102331166260159,0.776950331862615,Volatile,4,1,0.0450929612745583
37143,NC,Perquimans County,1.2166310087601782,0.8502921522236337,-0.5269644096707468,-0.27116876065527756,-0.6490500203794207,-0.6413662852243706,-0.4253028296930869,-0.9121217726548879,-0.22211992591743507,-0.30970354760760527,-0.9917007680796278,0.16893255360434983,1.031248254086075,-0.2528497695141731,-0.21650467243680427,-0.6910554352064538,1.3998938044940559,1.1910835159856636,-0.46241213404626613,1.348466786242679,-0.6476723195248324,-0.8920890321654582,0.6423712143251995,-1.224607540227576,-0.5770034623537035,0.22103604482386133,0.3744034938560999,0.351982690837616,Highly Volatile,5,1,2.894445496481593
37145,NC,Person County,0.019087008981094344,1.196112011036298,-0.7027405420656733,0.29567218651979466,-0.0037327385149642026,-0.4582889887964844,-0.6632375869999533,0.940995577656533,0.6245010542424755,-1.2245335408406932,0.2734855108854981,0.2652166151296691,-0.004892167167047939,-0.9086680675246628,-0.2398984555882244,0.589889348596813,0.6819055000218721,-0.1673678912893364,-0.7347364980197088,-0.39941039647146687,0.005768374857364256,-0.14783114458794022,0.888759920317381,-0.33727877407843776,-0.0721209961077629,-0.1432723690339759,0.14622038829347508,-0.3539844943667072,Volatile,4,1,0.3942036510734097
37147,NC,Pitt County,-2.044373421407481,1.8898366150342003,0.38212122728997777,-0.5915603508808825,0.3173891836593231,0.09745407875997002,0.8023730017660621,1.5091633706923604,0.8091593933551554,-0.7839551584635145,1.6592942744360806,-3.0856998102940176,-0.1850106703781708,-0.17862002189094103,0.036115998374550665,0.3653856971966482,-1.8591096189360672,-2.5337406515060925,0.6813352712885657,-1.5180101591746615,2.181698569653036,0.7018727282875856,1.4636048940684308,0.8794921697870179,0.7260851166652391,-0.5790185125873674,0.07870035067751273,0.2833149003341629,Moderate,3,0,-0.0254752040429654
37149,NC,Polk County,1.990428670155893,-0.43239635184925096,-0.3211408960819405,0.25484190525257483,-0.14842981054263693,0.8429495396959942,1.0447662780861724,0.09944177634283542,0.5496159957700542,-0.5205180859540331,-0.04763052811342979,0.21473303065235513,-1.1111937692910927,1.10784844758206,-0.434054980728183,1.2404650535684647,-0.22573957674397527,0.7655084683053986,0.4810009806073344,1.60645147998647,-0.9203233650377602,-0.27675389889317076,-0.42119652354579323,-0.8946708254489176,-0.22112943456400486,0.20890724511532827,1.2511397507417275,1.0658417122328447,Very Stable,1,0,-1.3897478745069891
37151,NC,Randolph County,-0.4967780986160502,-0.29332210396717795,-0.006920362708493942,0.39504590095584274,1.5904248124797835,-1.724931677938934,-0.8101792267464614,0.2169804533311101,-0.021402116155571086,0.5257810556605736,-1.0401702757665614,-0.35056947273959693,1.0370600075897736,0.3123069128598407,-0.4252984691538487,-0.7092360795224937,0.5600442664625729,0.27420829622117554,-0.30919215829247476,-0.7364045797953663,-0.07203033961120897,1.550114294591548,0.46270925616737124,0.7243382213152185,0.4252801596003582,-0.3329316449692574,-0.0872795960753686,-0.2336734526766202,Very Stable,1,0,-2.06418803520483
37153,NC,Richmond County,-0.6625918832008462,1.614889431354059,-0.19903958878066186,-1.1136795833515096,0.2997134531922025,-1.9758068799809712,-0.9967423128081727,2.8115934104390465,2.1658924889351843,-0.7199859358056528,2.905805025925526,-1.2050993350385042,1.589924307595194,0.227964222833349,-0.434054980728183,-1.3386247584839877,-0.06155400865303343,-1.696602265159587,0.30788432350996925,-0.8657994443560931,0.10911944032674721,-0.22577111267708755,1.3703974297234853,-0.28173868552751336,-0.16829734931858167,-1.9224837546071358,-1.324023945328881,-1.1634375856798802,Highly Volatile,5,1,2.628856578009814
37155,NC,Robeson County,-1.417965790753807,1.0072859737854323,-0.2682032808726727,-0.7261314518303388,0.9406509481391194,-2.987000607752599,-1.1344802904050053,3.2967112990986895,2.9280484118399173,-1.5179891746956773,0.5115588525554693,-1.219000564218723,1.6815405381898898,-0.6868815740062861,-0.19310912098732202,-1.379975982837184,0.18420810915596444,-2.1786130985751058,0.28934421991108894,-1.292469800131143,0.3506316936326574,0.9915636194337235,1.562505433505771,0.5420893412830962,0.090476767469709,-2.268741931853281,-2.185733111674389,-0.6778694517867617,Highly Volatile,5,1,8.028493813378939
37157,NC,Rockingham County,0.11120577819487003,0.5451000814223654,-0.5771323736119764,0.09330980717722846,0.17201476046232766,-1.4071206123916935,-0.9028936184420094,0.6484361665402428,1.0126679407486396,-0.29019010709230925,0.4012543353538665,-0.4105795157435891,0.7092780206297441,0.05000583109984918,-0.4209671895304171,-0.7378660494364961,-0.12163475208209483,-0.5451961568782506,0.3591639602940797,-0.2886303334994791,-0.3325567393796049,-0.10258969409655043,0.752168779218977,0.3489107434179793,0.3137455892138493,-0.6809532203273857,-0.5331190783567926,-0.6495166479296658,Volatile,4,1,0.301543983414084
37159,NC,Rowan County,-0.6810156370436016,0.4319987099977081,-0.3059751082145411,0.7876293866711145,1.1445016091289175,-0.44605162978597995,-0.26092837025526733,0.579127337124642,-0.009540451433826145,0.4792139983840193,0.10867213253267681,-0.3790765694586254,0.3136034851569767,0.5161126215526096,0.012181903077618026,-0.43835634598612494,0.734820932281873,-0.06928003839415069,-0.8636809492021735,-0.8550531636165758,0.09307533444332904,1.1068140605692758,0.9343531344459385,0.7436576106445226,0.7871237450019528,0.051267679694356694,0.4557786002535391,0.3746452865233665,Very Stable,1,0,-2.1677430827691895
37161,NC,Rutherford County,0.2217483012513998,-0.18389222158101715,-0.49662212554497354,0.37636518324727214,-0.1329649824178858,-0.9191812484935399,-0.4480038620166206,0.7622008166696915,0.9818407108251018,-0.3505199807519486,0.7528509703412726,-0.17571684295398957,0.6304381179555569,-0.0569261490802105,-0.372909244370876,-0.38878104359127497,-0.1549365424717827,-0.5304663066210182,0.4815641932319804,-0.10159633335243405,-0.3519525091103065,-0.3122842006283186,0.058289829913894906,0.06505378445448987,0.03261615592647723,-1.219892030227409,-0.020008082432305466,-0.8047479176099083,Stable,2,0,-0.8873767499339291
37163,NC,Sampson County,-0.8099819139428868,1.062324826185041,-0.5192201718464851,0.21335847905171323,3.2461598704370864,-1.8083649646122129,-0.9769720310332146,1.987826879821378,1.3576406629080806,-1.225731558744,0.0793578062476608,-0.1853047622289495,1.144523994164262,0.49210151744420766,0.2153751791068761,-1.2075338676917131,0.9043218009037624,-0.09914373613875697,-0.3053922198837619,-0.8716532711955799,-0.044684022095503616,2.949216632799755,1.592395365301868,-0.006204193960466772,-0.44969323797613975,-1.118030489012222,-0.8535145893902795,-0.5158118981657165,Highly Volatile,5,1,3.589137349121482
37165,NC,Scotland County,-0.9942194523704381,2.0447746981221377,-0.04127454281594095,0.3520334738111044,-0.4804730527455066,-2.070782772901192,-0.9356778420209089,2.953991169596613,3.005850607834896,-0.4162573256859667,3.625787418386543,-1.7443121402842692,1.2228371230232922,0.07400239088486746,-0.31795385089613337,-1.067113839527775,-0.020834644188568285,-2.1069779926259717,0.4656992978003041,-0.8831867877843137,0.33762710413919,-0.45548573260070385,1.7860186908427766,-0.46961974811801205,-0.037325559064461125,-1.8257400536100088,-1.6277662530348431,-0.834080287480598,Highly Volatile,5,1,3.995190220732571
37167,NC,Stanly County,-0.6625918832008462,0.08588255290799625,0.31876078990414736,-0.8725179788794148,-0.13203991741379745,-0.5480388307394232,-0.6073909992437635,0.398518008702339,0.2221345529821778,-0.5802497221810318,-0.6825274838265858,-0.10180459750128441,0.3582941522521678,0.6146581990659362,-0.2735802837938989,-0.11334603443020179,0.3940521936565632,-0.0522790899594661,-0.16782462015368643,-0.5652281088701527,-0.051649363930641526,0.10042150026674397,0.3878714221404597,0.06156040337692846,0.3175022972459919,-0.35996900939197074,0.5032774620847367,-0.36991259529311554,Very Stable,1,0,-1.82776445383286
37169,NC,Stokes County,0.6639183934775241,-0.48925428294609946,-0.7231760444310532,-0.6982493227379464,-0.5184399744274052,0.2596617253581096,-0.7770413996731207,-0.5883477220788768,0.14170133393674575,2.280477805696873,-1.2617266552241244,0.5121965675195816,1.3191112774741398,-0.6899579101876856,-0.434054980728183,-0.5871833155070028,-0.46960164015659084,0.039050629865027706,1.0274688373590133,0.10161976025823273,-0.39399688418314777,-0.990833926085123,-0.7178344877999272,-0.2298843394748281,-0.07471215853512632,-0.17040251322872899,-0.09307871053530141,-0.8517702146570799,Moderate,3,0,-0.6057908863243743
37171,NC,Surry County,-0.054608006389927244,-0.48062542299800237,-0.38294818462575675,0.46959055381494197,1.2820882098350523,-1.9128230350244424,-0.5567743149955274,0.7784492102628241,1.052723192612462,-1.1783968138435341,-0.47657984375046014,-0.23573028349478778,0.3390730738355454,2.0495566294783734,-0.3462916655595014,-0.8120899780145192,0.44699696326145794,0.023227084884547226,-0.1902901073626428,-0.4078905553515926,-0.2675210845249439,0.8354542244774029,-0.05555911440743152,0.142396534180772,0.15725901583798493,-0.8092391652340543,-0.38466564132888464,-0.9352378943366241,Stable,2,0,-1.1638955621099556
37173,NC,Swain County,-0.2756930525029881,-0.5701349280756112,-0.48274329343607003,1.4530403744989262,-0.17887936306392938,-1.0825138459157309,-0.45064567943066747,1.332409737742349,1.0237274369147458,-1.4913686178372205,1.5395959076435914,-0.3344731015938399,0.7563228367410868,0.40018275437376594,-0.4215142676190696,-0.965901590691719,0.9650581149903104,-0.5993397469858552,-1.0094893665870392,-0.6442760661346268,0.17934779388077762,-0.05360156602846654,0.6345145580810212,-1.1788227961745474,-1.1308226994628057,-1.1262286055605255,0.0526180996220121,-1.0510022396802998,Volatile,4,1,0.7078652152773446
37175,NC,Transylvania County,1.3824447933449742,-0.49478467218558997,-0.37533687075793876,-0.017046464989818703,-0.23481854910346178,0.9764797667481121,1.4230271025938561,-0.09438380799987223,-0.015438522400235598,0.020021557983623713,-1.4794810584502793,-0.07446989819938382,-0.5171511125722676,0.8551062733062367,-0.38917462717424206,0.4805805350864002,-0.2580585896115515,0.2833621977429699,0.29225417991989117,1.6245248240212187,-0.15041143736615298,0.1495563579879554,-0.5323318537323174,-0.4671841508859054,-0.1714107496055714,0.08728075084015627,1.7381751023192296,0.1617986348985014,Highly Volatile,5,1,1.9731847098674415
37177,NC,Tyrrell County,0.6823421473202782,1.7248390685672745,-0.7650977206370537,-0.8038680153366505,0.2784178283832966,-1.9716439372284875,-1.3014823700396048,1.2357962393615756,1.922525673418951,0.051200271229019344,-1.454589409406099,0.3358801020895407,-2.007322268431511,6.999153114240004,-0.434054980728183,-0.39841740671817166,1.31806668794817,-0.46299063630687587,-0.5838945354864633,1.4056212901784937,-0.6693861972013257,1.590151602918741,1.0598733018882345,-2.3220863456020027,-1.9717273379483296,-2.30498728318448,-0.6033952358215466,-1.6994791007911216,Volatile,4,1,0.7803204216744346
37179,NC,Union County,-0.9021006831566624,0.08078281802686431,1.8221445350440404,0.8580122932110809,1.4620439349396195,0.12334514327903957,1.4766965103028944,-1.4311351534189336,-1.9512247078543188,-1.8064987104593275,-0.5999350625396278,0.8313226767675761,-1.2557768469222594,-0.0394554178466223,-0.31719842254475356,2.058934467812176,3.386876812414108,2.968721691520819,-3.5536276978054113,-1.599095849948356,0.27345780155335636,1.9053088405061924,1.2089089535498292,1.1618460602092797,1.0318831854487576,2.3710065612519906,2.053952298333058,2.160636136831344,Volatile,4,1,0.6908644634570947
37181,NC,Vance County,-0.7731344062573773,2.827999115362868,-0.3748836388630879,0.30665940303000694,0.6472238176787002,-1.5100380943720528,-0.8801021048729687,1.4976658651514998,1.340373997733303,-1.1844162924872712,1.9218088190732312,-1.9571568543667632,0.27589635207432456,0.9527773852785449,-0.3742530996661291,-0.3326511943413111,-0.3254121970898837,-2.229838976321768,0.11444123733768025,-0.783405766672794,-0.08958279881746568,0.737533881267808,1.4911647792271885,-0.28216027767071655,0.3371463905354647,-1.3158972509690245,-0.6559355550881696,-0.25437160869895686,Highly Volatile,5,1,2.647735249393831
37183,NC,Wake County,-1.252152006169011,0.6598685144230254,4.137256478647791,1.3571802569059397,1.07945057268898,1.0123682446272528,3.1622744886225136,-1.3231347982500095,-1.7959695015820802,-2.1220780242658814,-0.6672911510280246,-1.4418075485661623,-2.800017188699814,-1.3168019972914324,0.05359753995633777,4.209884923569363,0.19202558272756598,0.42119422234296955,-0.8072076608432848,-1.7632150105987245,0.01833775940672033,2.894157244624865,1.8744862885553297,2.4167317978073877,2.0593163871172733,2.5132634194894754,2.3401086606475343,2.5339589051316125,Volatile,4,1,0.5938336881480035
37185,NC,Warren County,1.0139697164898713,2.8222947292921408,-0.6888241089308996,0.468007209380669,-0.3492545130421084,-1.7701497050226347,-0.7077594899639008,1.8154612317029666,1.588487331831889,-0.3570066692005852,1.2866275750831369,-0.7619740278427408,-0.27776742496854806,0.7656973014174648,-0.056780103706116566,0.1623413264887328,-0.11527292470733967,-1.7618779939850813,0.80179721652825,0.7951744154098562,-0.3047160641739443,-0.05894145537972812,1.403038819153801,-0.9406477179542322,-0.7375337213242319,-1.298187982296124,-0.7879746092544329,-0.7639953490848659,Highly Volatile,5,1,3.7243743869334303
37187,NC,Washington County,0.8665796857478295,2.873255351435131,-0.738579730773621,-0.9849412104850057,-0.47706267622117543,-1.2523175894414944,-1.1194755222808919,2.532549874926718,2.4664404803029853,-1.8711465946773407,4.923358390666233,-0.9357857332582066,0.6945247682779204,0.4860129423451345,-0.434054980728183,-0.504023040793802,-0.6138581572302927,-1.6735111898264463,1.188741979772835,0.9098645039022375,0.20802775453334008,-0.5723290349701997,1.0333095969212793,-1.3891883187440899,-1.0045086946527662,-2.2891218999286576,-1.3667819358941278,-1.0448359525747828,Highly Volatile,5,1,1.5966643967575322
37189,NC,Watauga County,-2.3391534828915637,-0.6136651140612323,-0.25848889811842374,-0.2950167681404738,-0.03139968131110472,0.612917028081664,2.2438229353025143,2.8676544567861213,1.9080802791401759,-2.1589824180087454,1.7011339810175021,-1.7081770278536523,-0.7171543009701153,0.3892589480598154,0.8455264527723292,0.02163873475923944,-2.987184459173798,-1.2491332737151657,0.42380823107839194,-0.7713960549442178,6.007832803140708,-0.04496820964790454,-0.64956885193159,-0.06778161995819566,0.37810415679333254,-1.1914844309614234,1.6235852158495836,0.8631070590366332,Highly Volatile,5,1,1.5010715742351837
37191,NC,Wayne County,-1.252152006169011,1.4942266661473853,-0.07400294910870163,3.541096141436034,1.5277999334609584,-1.170342198901502,-0.4199399720938126,0.9034952062164836,0.26394578304128774,0.1584829480490459,0.04059606426382048,-1.7876878008719306,0.9348475946137333,0.9803937380886308,-0.21053095495503277,-1.111871935516919,0.5516563322087404,-0.574393364392072,-0.5440997655540548,-1.0675680727282193,0.5027917470421244,1.80236007471604,1.6215176151727484,0.5541436132943377,0.5344897866857296,-0.4434116870602772,-0.3670395805926941,0.15231645205234606,Moderate,3,0,-0.0682210097640392
37193,NC,Wilkes County,0.29544331662242135,-0.49008040661061364,-0.4207035368628526,-0.05979871721953228,0.23102750008210876,-2.5039630692712764,-0.9125619205271072,0.7567909847051031,0.6184736295719989,-0.08771886528087697,-0.07613233323116834,-0.22334955645473792,0.5369766429468567,0.503433706367178,-0.30314007407538307,-0.2823160312083702,1.1527135000074327,0.41274352635785083,-0.869770458117871,0.02699143099911717,-0.2747943254685122,0.34490262142490913,-0.38503536297923785,0.07751423001526124,-0.18557912071893504,-1.188682244441725,-0.5297348329245761,-1.1697655836090441,Moderate,3,0,-0.273386971307511
37195,NC,Wilson County,-0.6441681293580908,2.1807815011695704,-0.10698602729079408,-0.2654488712249709,1.253965658529226,-1.46367741675674,-0.42046061731409623,1.4989075160534202,1.028514985107359,0.00611593494532362,0.3059812942542168,-1.9703114853510246,0.6020487146796643,0.3811376001205678,-0.3035803372529636,-0.592661440268983,-0.06376701395756966,-0.894956027694046,0.32940248603903816,-0.708548512712911,-0.10588455227989899,0.7718161482744842,1.604881375264911,0.22714274495751471,0.5401481262540337,-0.7384124860544734,-0.25274590925931334,0.09500778369020547,Moderate,3,0,-0.1567591481002456
37197,NC,Yadkin County,0.03751076282384843,-0.6360984795348251,-0.7299969187672557,1.1351777677371209,1.263742966244465,-1.1055547861981003,-0.8474220150604048,0.09171781843642976,0.4397002022970863,-0.24487943714900226,0.10041147873206886,0.21904368012460462,1.8217617293879123,-1.4527032086742286,-0.13429239799177253,-1.0578174458891039,1.030339093248723,1.0810633861751682,-0.35677262060164383,-0.32250230974387756,-0.1235921791243291,0.9494191159823852,-0.2998852251351901,-0.37869330609543067,0.013856130939264183,-0.1734440452381072,-0.3273805411359644,-0.9052532631133015,Very Stable,1,0,-1.8463165500732648
37199,NC,Yancey County,0.9402747011188511,-0.7034427487855143,-0.5027444137189786,-1.0346926739218096,-0.11045979123712833,0.057646243276224245,-0.08434071927946207,0.3801217982482296,1.2281790591168658,-0.364906050558994,1.344876731501156,0.5425881181074848,0.42921915240804487,-0.8662296716736405,-0.37680305662690755,0.29903352898319774,1.0139045319616804,1.4498449091994816,-0.3957645321723597,0.8457711736092118,-0.6710149970448491,-0.2094881972420604,-0.9629664264603182,-0.9405614001114153,-0.48517220200568245,-0.5328913717304122,0.5115091097851426,-0.25956078160362345,Very Stable,1,0,-1.5215473783663005
42001,PA,Adams County,-0.07303176023268133,-0.6271684393719725,-0.22471698953695715,-0.6493519279843093,0.2900886242969727,0.2618517092341605,-0.013528060204964783,-1.3073919764845645,-1.6191386790628688,0.0496150895946486,-1.1142323479579421,0.47187038796339625,-0.0016458008616550323,-0.7793334710156459,-0.31846055745001284,0.3059497804354163,1.1016921105125559,1.1453751367084575,-1.310616974104448,-0.03588847085559963,0.4303866310348096,-0.0625357320328678,-0.5230725452809002,0.4635500549179268,0.4976123156470125,1.3264964462760345,0.7951952746035649,0.8140730753526081,Very Stable,1,0,-1.417560048405159
42003,PA,Allegheny County,-0.6441681293580908,0.17943061327282778,1.7276940804820464,-0.22301067706473196,-0.6983304966707118,1.4730401194506126,2.008904799784283,-0.5022434106613184,-0.3887166731128128,-1.3361760632475181,-0.06773574385507783,-1.306364049501209,-2.7120480342743942,-1.13715220011149,3.600081485062425,2.4147742987801766,-2.021356066135663,-1.309974863853172,1.8698352735109658,-0.5630492914556439,-0.04283956765721145,0.5521619555238938,0.6575444992390849,2.456700734978656,2.2076889020078205,0.9735689131267046,0.32343796753723886,0.9675817622444093,Stable,2,0,-0.9246999875189305
42005,PA,Armstrong County,0.5717996242637484,-0.6954212162134581,-0.5627813223207438,-1.385771626504325,-1.1178128491264803,0.7300134583424344,-0.6985217572455318,-0.4372417513127178,-0.1672049347052436,0.2030504423735656,-0.5075978615999613,0.4644408478954729,0.30973652278332936,-0.07110722050193069,-0.27174845366616873,-0.20019941890242723,0.3552307926545302,0.7613839354319814,-0.41326581459025735,0.4042193596386276,-0.5711729576585932,-0.896091689381397,-1.3799275231145307,0.061196427519293335,-0.08716014180317365,-0.005494409546748723,-0.7311554700802608,-0.7930673156945461,Very Stable,1,0,-1.7969155969191424
42007,PA,Beaver County,0.11120577819487003,-0.2934833516125331,-0.4910104661329175,-0.4593890855473118,-0.8178583865189177,1.399005317857681,0.28524627581988954,-0.8939762290615216,-0.5281905105129578,-0.05831438002567984,0.07156097323939997,-0.025645444246009678,-0.43447142497102553,-0.3367621697512441,0.33805626898478475,0.7176881365512141,-0.4692823530484432,-0.18284267604164728,0.9083213837792798,-0.07716145628447664,-0.43899277471026926,-0.7979233718672867,-0.39362391837244237,0.8281383287712856,1.0028437172833886,0.4572445400935304,-0.17851725871187543,-0.21821092951415916,Moderate,3,0,-0.5872663505641085
42009,PA,Bedford County,0.6270708857920133,-0.71221012827384,-0.46699829908232926,-1.4916376371535662,-1.0310635457865802,-0.006688975560028715,-0.9928769226097459,-0.49460259917690896,0.43628699741791727,-0.18344821736255867,-0.7719173142753951,0.2990799803239944,0.5477794278239494,0.48073062128035665,-0.12394261029399811,-0.6290800386975807,0.03464951203477673,0.7175387947820783,0.1445687852434819,0.37125991143878956,-0.40729272336849476,-0.8384068472650119,-1.431514285978333,-0.1883027845496141,-0.6819564796274932,-0.4210226675720365,-0.36225130161477376,-0.798903896714306,Very Stable,1,0,-1.915456963550064
42011,PA,Berks County,-0.7731344062573773,-0.41662792485305694,0.010786983134278923,3.625663022948847,3.827352530482267,-0.5791455711320725,0.18263963060372038,-0.33211100778588387,-0.7652529223410531,-0.4420999017403001,0.1762471709895537,-0.5149873759725754,-0.5317540177048937,0.019457406550988928,0.28365119572593117,0.35053905663699314,0.5005713010754975,-0.19007734413306704,-0.6617455963111606,-0.799645272780103,0.19911965754339706,1.2771867504636367,0.7291795482520331,1.604375344788806,1.2281615484224895,1.0539090110070632,0.6735652085435386,1.0774926302485772,Volatile,4,1,0.1894339067872226
42013,PA,Blair County,-0.1835742832892124,-0.6151386239205339,-0.36367136949625173,-0.6567393806502402,-0.9830836039632426,0.9588288722703519,-0.14968489320065861,-0.3778103805028671,0.11783886343699534,-0.2387280823573072,-0.4722627399194219,-0.37450516333981254,0.5905369423584976,-0.18092972472077606,-0.010570311309859661,-0.7148812985988285,-0.8579301360229439,-0.5893855350785826,0.9397617346027233,-0.28887749314332456,-0.04520223605811299,-0.7022098485434803,-0.9495837676532937,0.5718956992408487,0.5952892662142164,-0.2188680778885715,-0.6630145665558067,-0.2440108500029115,Very Stable,1,0,-1.534085628987944
42015,PA,Bradford County,-0.09145551407543673,-0.6954437528789513,-0.45183971136870926,-1.2938592236639255,-0.9620335073413763,0.06929456160488633,-0.5393748696616864,-0.23068077430896713,-0.27366950275518515,-0.1751537510101522,0.7496448481182151,-0.39899678948223605,0.5225581193619595,-0.09254485905647908,-0.3209114254828224,-0.75228515240712,-0.4873067831918895,-0.1378891861135525,0.40937676412482793,0.177837477981988,-0.4705675301700692,-0.7795712664664085,-1.271936060577008,-0.00092858332935928,-0.5982451945196878,-0.11270667921038865,-0.22981717295145834,-0.16195704863436364,Stable,2,0,-0.692928475426423
42017,PA,Bucks County,0.019087008981094344,-0.4772439072779426,2.1122964762462044,0.21614470781320894,0.05217915189768156,1.2895491745289134,1.9086362858728017,-1.8146050349545841,-2.0002529885719844,-2.5283405216885875,-0.467280823949558,0.3328409462363886,-1.257178569264075,-1.1619385328367007,1.0121237303232393,2.082308619604834,1.6307810534497305,1.5530059275741028,-1.689495330604906,-0.33904594123099313,-0.24826784393141865,0.6615721385764395,0.27692071288132125,1.930732713265755,1.8355428142941508,2.9356807083879723,2.241902520633531,2.4828602907786235,Highly Volatile,5,1,1.2047162274628411
42019,PA,Butler County,-0.12830302176094752,-0.6855210499357763,0.06224549493694976,-1.0657891889733773,-0.893906968701476,1.4827921173961505,1.3622675996868192,-1.3186368625734075,-1.0654698000418021,-1.3309705658538686,-0.46238177444736417,0.22038810154000937,-0.42548719842052074,-1.3050989785811937,-0.2070871485139224,1.4446972370938718,0.021959836502484526,0.8560810203685973,0.10774642687875374,-0.2897511404586083,-0.037655113826099526,-0.5531447735689905,-1.0135284661011188,0.9665013448571028,0.658677506238184,1.6688197452345135,1.0561326990037054,0.49952630079360993,Moderate,3,0,-0.5327582451153292
42021,PA,Cambria County,0.277019562779666,-0.534534245396799,-0.436399960555269,-0.6445685635458829,-0.8716794817936084,0.7431333218255668,-0.20139593494937003,0.152131345787145,0.41820827137622896,0.13411006355987104,-0.30920372515489014,0.14641625592019497,0.36730275493212994,-0.9534758020632857,0.1786313002842084,0.020133331599964912,-1.177965043924189,-0.9599953556671439,1.556227361129793,0.24555117680577032,0.046128094424476955,-0.8771628975804138,-0.7882204638371216,0.6377844345482367,0.44289603475717804,-0.5586045748446404,-1.4801022987729426,-1.0695510192850075,Stable,2,0,-1.2619706658377294
42023,PA,Cameron County,1.6403773471435457,-0.7600165392834126,-0.5060396619937886,-0.2840607184091945,-1.1666429541602619,0.6003748926404437,-1.3460895439147424,-0.021050377493767893,0.9876346679663052,0.1515165360959624,1.6593644313501925,-0.3644890413799662,1.33145197705979,0.6592032676289729,-0.062093093468976096,-1.906226679524644,-1.4083279385747602,-1.2904679947802749,1.732338426694033,1.5044253270645298,-0.9774288629967478,-1.0637870137485883,-1.1857827532539513,-2.1134805714949416,-1.7927090063116662,-1.3048346482390125,-2.3601138209409562,-1.39028552724112,Moderate,3,0,-0.0374723888906177
42025,PA,Carbon County,0.40598583967895113,-0.5964678201855599,-0.4274380743572765,0.11045487127835892,0.11968787413856263,0.016327826497863594,-0.6775453636911628,-0.310755768425356,-0.19054284713859676,-0.03161584558833201,1.4479873222307407,0.15123462502658963,0.023056984954107185,0.6278464423511033,-0.18391802288261044,-0.04256440248517798,-0.43002170711427673,-1.0114277007377797,-0.08605686047905571,0.20037969461319796,-0.3887217609156351,-0.6081831181817755,-0.6203464613990483,0.07068157881647932,0.3550320444299109,0.19330401557596635,0.11265999487607173,0.287924889432312,Moderate,3,0,-0.2974320156788232
42027,PA,Centre County,-1.8232883752944191,-0.5150958601626148,2.5374768442183595,-0.21446986774229915,-0.5515332586724009,1.1492617317377143,2.0563156872792785,0.6572666732135893,-0.07292781728040922,-1.6585785274196552,-0.5600740755602718,-1.7434943683472826,-2.50940952697969,-0.8993466605681654,1.9444855648671437,1.1073701922457466,-2.18311425121084,-0.5289240223096764,1.1145480799343437,-1.0491259485348443,4.64296935431009,1.51762303453447,0.060496586618593605,0.7894385312312729,0.21018506145826707,0.6852302678780624,1.3271481836225925,1.1772459195138905,Moderate,3,0,-0.5841336275742423
42029,PA,Chester County,-0.6073206216725813,-0.37118746766324834,3.1328190939306566,0.6999571923272263,0.4244386756307049,1.251186274086165,3.1601253386948787,-1.8435503877343256,-2.2755087061852053,-3.440742445728334,-0.8584880917068836,-0.023770345738210012,-2.1932655720398935,-1.1094851958447367,0.5058935820963784,3.1029869769849947,1.3756367199160953,1.7479835623035405,-1.837055143099141,-0.8219384652194737,0.062399729495781216,1.392393169000254,0.6746494965717537,1.7951917373431845,1.5251299195988413,3.468403572160047,2.4866553670869442,2.913070138244873,Highly Volatile,5,1,1.9882452361971976
42031,PA,Clarion County,-0.44150683708778404,-0.6392032172842466,-0.371802101427954,-1.4612938118265268,-1.0694304622189201,0.23839883245212742,-0.23392479285985499,-0.11892690501793782,0.20010145286006864,0.629732150643759,-0.05031003381939327,-0.35643925075160315,0.14752279251334688,-0.2056710858245958,-0.4038669159937213,-0.3894256587240261,-0.06257846181074288,0.37755328505064195,-0.24954001645577556,-0.25206277617832923,0.86868365298016,-0.8418537486014264,-1.2278880319867234,-0.3872666453793117,-0.4623555185629065,-0.19676697210621832,-0.7603402290123008,-0.7178602803073083,Volatile,4,1,0.0528873667687869
42033,PA,Clearfield County,0.24017205509415518,-0.6165925276828939,-0.4362178569937687,-1.2741294183794454,-0.6857506417325364,0.0588381402752094,-0.5723881764092613,0.245397612283496,0.2946128068366659,1.2761658659320374,0.4751511373525258,0.4259653534573565,0.3941493423187569,-0.14704331482157879,-0.31080662519928337,-0.5003659546512871,-0.2525446576967769,-0.030595431559964494,0.23948736472002347,-0.06796980471876012,-0.22768881941641797,-0.4184631492137871,-0.9956163428228152,0.2204133421663122,-0.37922307564696445,-0.23798245503073429,-1.1255877658421527,-0.7582030125319067,Stable,2,0,-1.2447129607384817
42035,PA,Clinton County,-0.7915581601001327,-0.6883130681583338,-0.4252723254607526,-1.1684168751135648,-0.9179102929338706,-0.03810449938361525,-0.444089790358747,0.2934616812578976,0.3006273794808107,-0.5718165983199708,0.31205808732740553,-0.3806866780737572,-0.46464742787515284,1.0027042664293326,-0.2756680748668144,-0.24905276703199478,-0.0036122032010911537,-0.06461921345864219,-0.5737848528461066,-0.44252347671253917,1.064973183626656,-0.8141733348979098,-1.2035353361226588,-0.37387142104618043,-0.7611066822924301,-0.3504302922513142,-0.41212180477942334,-0.593331707356064,Volatile,4,1,0.598094408852901
42037,PA,Columbia County,-0.5704731139870705,-0.6292998655716763,-0.3396041139369364,-0.6164785721377177,-0.46843827357430196,0.6139331844983623,0.07340968666865313,0.03501976200056559,0.32413735148069756,-0.21923377376514241,0.5230891285846231,-0.7443235476601089,-0.12453217603944963,-0.7843368182600945,-0.36561077603317976,0.581687070265214,-0.9799533670450687,-0.4505818934872875,0.42138240808035243,-0.47552625479608485,1.2888080575165726,-0.6729235587748723,-0.8510093758134094,0.07043338514286111,0.1641702351024285,-0.034550912086920356,0.041564402202150845,0.0466971810083167,Very Stable,1,0,-1.7705449260755886
42039,PA,Crawford County,-0.01776049870441645,-0.661469775603246,-0.4482844912101733,-0.9746816594290896,-0.979563773225436,0.06578005440685887,-0.4878350044013738,0.1751086191294166,0.14750978444948243,0.9864832580519058,-0.08314662882795533,-0.07018089121660193,-0.4270811670823748,0.45647474829208146,-0.08454290000042877,-0.5824289422085577,0.012319908284498127,-0.0508655597909568,-0.0680604239403917,0.20469869669633944,-0.023649575462181292,-0.8981912716579582,-1.1136743669914044,0.26145938573950506,-0.24028913372543473,-0.3794416109230872,-0.8065472774783213,-0.6949656820584067,Very Stable,1,0,-1.4611738735070718
42041,PA,Cumberland County,-0.7178631447291111,-0.42945117652960846,2.558687129780245,-0.11270896623529435,-0.24656446383227013,0.9293158913706931,1.4273289195616112,-1.4803382104723246,-1.686448935592171,-0.24872262519048957,-0.9186136576200219,-0.5059357693810955,-1.0063407693314965,-1.2579816646037127,-0.26313191227190635,1.6503876912622717,-0.2810295003482252,0.4617016895179584,0.044700642555849504,-0.6658872121128522,0.24460582056675217,0.6379118621260167,0.25865923100026056,1.2161238012276498,1.205918888831609,1.5317218156921282,0.8903405625966769,1.3339370192781965,Volatile,4,1,1.186614211439541
42043,PA,Dauphin County,-0.8652531754711529,0.5408196854635792,2.9848281727845607,0.7745503231131121,1.1203122711092244,0.20142487937477577,0.8632089949893653,-0.1758145504645805,-0.5689548781631136,0.05267683634634451,-0.3980777369469413,-1.5764615220918372,-1.4751143459283824,-0.3306370841426154,0.5273338471617773,1.4661265417060543,-0.8495334693592573,-0.940039131479868,0.5301918393941211,-0.8622445378766123,-0.15939068880226123,1.2136636333640527,1.622401179409985,1.2780104226991746,1.2987545325548948,0.8193741387378153,0.43172946404383167,1.2150419602219733,Volatile,4,1,1.1253417624775208
42045,PA,Delaware County,-0.9205244369994178,0.9156339989468116,2.8658950929503924,-0.25168618185196295,-0.2675409534168579,0.9712373950650895,1.6230943838433267,-0.8288154788021003,-1.014925029706063,-1.7411373411783295,1.07083254591006,-0.7299410108262168,-2.244379130623944,-1.0065833236542099,3.9049545000447545,1.7290425390456412,0.1381598842178712,-0.5562506897412802,0.05435132102350507,-1.0239554535468944,0.2650354024361604,0.9933961301502817,1.4305937484094102,1.840380810277034,2.709285781466147,1.6516847917952562,1.4029042976266723,1.764225875625247,Volatile,4,1,0.8389445635688717
42047,PA,Elk County,0.7928846703768092,-0.721069126074776,-0.5207351307698382,-1.051837512511861,-1.0985485932925674,1.0868824955172813,-0.5362935068296741,-1.186492229792454,-0.49272606326078644,1.5931748565532302,0.3174622349234224,0.5591658926497997,1.5951665827797508,-0.42213792928200244,-0.14537518033457958,-1.6319692264023737,-0.4953556363546854,-0.08125781308436379,1.160022901707705,0.5427065202020238,-0.4481438722613449,-1.0150623395285099,-1.3447912816450893,-0.5477455464928922,-0.8726954611663146,0.10258284848510094,-1.1973259249278696,-1.1951652816610627,Stable,2,0,-0.6186561371997478
42049,PA,Erie County,-0.7178631447291111,-0.21994922921618779,0.4942753376103408,0.014801260806585803,-0.3231333449956393,0.6974151663092979,0.44582611001463257,0.3309780372602631,0.31621455324282133,-0.41359941188794086,0.15929841245127901,-0.9297267700829063,-0.1733532437212254,0.06369342576656996,0.2553672295140736,-0.3127475693057631,-0.9980902559214105,-1.0298608402656746,0.8579165163694844,-0.4841096640831412,0.42212866629158213,0.005957976385306693,0.1105932495146357,1.218324891424506,0.8997295189678519,-0.1388597670969184,-0.39432592638047204,-0.14673412229004057,Moderate,3,0,-0.4101111923542104
42051,PA,Fayette County,0.24017205509415518,-0.4695830615504369,-0.5002236701012498,-0.3640171645671534,-1.0123051239826715,-0.08095907641118542,-0.6886913528459021,0.7794395511000249,1.1008506999109862,-0.27466880700597635,0.6944244749471968,-0.3692147954239031,0.7774279555308595,-0.7143849176469614,0.2723681586471987,-0.723243449048003,-0.8350528540598156,-0.8183896557184943,0.8679086882088191,-0.010222996217054805,-0.39769554311712296,-0.789601711132119,-0.6752540454657584,0.602870028072714,0.2960441242191398,-0.5747515580221016,-0.9992390570716775,-0.7466402478358285,Volatile,4,1,0.7645016397265463
42053,PA,Forest County,0.8481559319050754,0.3200556332447724,-0.5003743342332877,-1.1107736160370347,-0.2514378671956962,-1.4866850279058068,-1.376054295696055,-0.4046498512063434,0.0220917924944433,1.5820433935275842,-1.6819383686650844,0.40141066476785453,-0.2762021436117208,-0.43443382559078586,-0.434054980728183,0.6765761407953895,-2.1552998119847118,-0.3220983605662957,2.6126351011881686,1.0978892463186924,1.9101183991167174,-0.425114590631595,0.206448496437607,-1.7755552294640895,-1.535715540317038,-1.1418706439211876,-1.617845816263928,-0.6101150101936743,Very Stable,1,0,-1.9530063856154265
42055,PA,Franklin County,-0.36781182171676374,-0.5318571106981584,-0.17046335334484344,-0.2468175959687897,0.24397661363346365,0.22960697872398078,-0.11782496519736811,-1.2392743686848033,-1.4625749030672912,1.0825627800713864,-0.7251625676353243,-0.2231562728911779,0.32586924107128407,-0.45423520424805763,-0.33176500030109807,-0.07900657920440814,0.6164621280504152,0.6979171329137162,-0.748968522755346,-0.40389008221961226,-0.3315669951727095,-0.08557816445533195,-0.2649419634239552,0.7832916139920573,0.49428590315383575,0.8707693882236427,0.5891196006051469,0.7227922836007245,Stable,2,0,-1.1319856521060283
42057,PA,Fulton County,0.36913833199344165,-0.6691389908746977,-0.6348725095529809,-1.2437059799266283,-1.0438177018072867,-0.3391651762054475,-0.8262478424065849,-0.5863878647542181,-0.2825364550024644,-0.20391287845116005,-1.398984921238014,0.3082183180684037,0.46691624898809875,0.21736980534811134,-0.2377843321537987,-0.4283423170358727,0.43299065280974036,0.710479521066266,0.2157637261746811,0.17434558027849603,-0.4578557778489855,-0.9843119743318772,-1.1869665196692758,-1.149377136185723,-0.9555182535744572,0.059999726343082434,0.07322911961908382,-0.6551731986433152,Very Stable,1,0,-1.6591035845773303
42059,PA,Greene County,-0.14672677560370292,-0.5560468663587692,-0.6416389120809606,-0.5750903024557705,-0.9812583158805169,-0.166993122832445,-0.42734282554932934,-0.019061901154900755,0.04333482936152803,-0.3618079329284762,0.3039277383377328,0.24706736710720034,0.9586568045323681,-0.55422256152265,-0.26419434137486464,-0.7412059307232534,0.5388697449704449,0.3507055260104861,-0.37624913806697824,-0.22799279948765538,0.1940193583799308,-0.9311169130741008,-0.9211752201877776,-0.44009549629114775,-0.48052215673142745,0.23047529252915414,-0.7935337328780003,-0.7697950130737499,Moderate,3,0,-0.5592951230735004
42061,PA,Huntingdon County,-0.01776049870441645,-0.41542913985297125,-0.45114775600497503,-0.9676849331340117,-0.8796897924973408,0.26655797460216774,-0.6749597107655217,-0.7165900166511464,-0.24692772672945001,0.5016360158957831,-0.3132974021982861,0.5137531073290097,-0.10698585401131,0.25885909507462995,-0.400369851454133,-0.6061683458884645,0.30766937639313624,0.7553569945719466,0.2656264721326968,0.11676536165115023,0.18875730578689082,-0.9058256960749624,-0.6787312470729503,-0.25704028055460104,-0.6333895379519975,0.03802351868970499,-0.29604529848848254,-0.6495166479296658,Very Stable,1,0,-1.3661196832838138
42063,PA,Indiana County,-0.7547106524146219,-0.5943865633361878,-0.25203832356629136,-0.8396387148065085,-0.9262930336179875,0.5857124747307534,0.11068402802906338,0.09192168634482645,0.7047163602218213,0.2908131442499273,0.9967043564002951,-0.4022619045641616,-0.3223553943471262,-0.4263439392384753,-0.11171497830693723,-0.18175170883622585,-1.1198100802772115,-0.24298305835410344,0.931187845982005,-0.2608166880400119,1.9905568392247037,-0.35784072441533227,-0.933211860996561,0.26465039115496475,-0.07546551998541692,-0.40242453846789894,-0.8140103116673248,-0.7063986899081748,Stable,2,0,-0.839851826144772
42065,PA,Jefferson County,-0.01776049870441645,-0.7396946905957476,-0.6069169196393541,-1.3820309680579712,-1.101140814392108,0.489405923279785,-0.7601720579577167,0.13298415434136013,0.38948068567749966,0.3756333125210696,-0.6138770238267062,-0.042207413485086547,0.7900869698355245,-0.23699616189487846,-0.27347665558147277,-1.0351331975947065,-0.006467941807889068,0.30978087293718576,0.21206762725792683,0.1112790986526414,-0.46617163150141655,-0.9620613775009761,-1.4831522394839434,-0.25312853975925154,-0.3961739247118842,-0.5349190431323939,-1.0698762843218679,-1.001902613532565,Very Stable,1,0,-2.1951427291293584
42067,PA,Juniata County,-0.14672677560370292,-0.6911858933197546,-0.49039135409285106,-0.8065452316885752,-0.45384656584970495,-1.9064548727168789,-1.1026107692725338,-0.9431267620642192,-0.8808500869834515,0.6861752144188872,-1.8985336390347647,-0.18573526558649558,-0.04665668758267828,0.45696058953236535,-0.40048164176399725,-0.18574956804351744,1.3459820442907642,1.6963713493676884,-1.3754931988082009,-0.09163609957561841,-0.35278913865038963,-0.29082891316204423,-1.0519922234491133,-0.7636012539199054,-0.49048539790003604,0.09774728007681813,0.18729468483145612,-0.9654199241583972,Very Stable,1,0,-2.4096065099380355
42069,PA,Lackawanna County,-0.40465932940227456,-0.527693592933945,0.9500358963609002,0.8826579923892882,0.7171754999693419,0.339216109693362,0.47931527881921865,0.1835312250965621,0.25436941082175535,-0.6883899742385582,-0.1498096870496014,-1.272998538618816,-0.07667096394532052,0.1121254339509015,-0.001159176779485607,-0.06280723506805448,-0.9751380776421914,-1.2853022321410323,0.935223912152289,-0.4674153014656634,0.016384051186105555,0.6487804522241661,0.18214550911680866,1.0407001790247985,1.1708540313515972,0.09032916413704724,-0.020008082432305466,0.3474366976324035,Highly Volatile,5,1,2.3195526171985392
42071,PA,Lancaster County,-0.8652531754711529,-0.46211692868637383,0.6265035120252265,0.5010250515495612,1.0743136114872256,-0.8343996383210066,0.6618087362753239,-1.307351051802904,-1.6384774970939744,-0.022905422633043147,-1.1102425348523817,-0.7021293553814592,-0.8452421060285208,0.4340605249827438,0.09339479705131398,0.28756213618848153,1.070827297543717,1.3693904298707202,-1.3402693816528184,-0.5582035990065064,-0.004508112388636231,-0.01358659081833109,0.22220462899907822,1.8099988165782133,1.3544501548106342,1.4999824344684867,1.1223102446471593,1.7138632259553899,Stable,2,0,-0.9737131518558892
42073,PA,Lawrence County,0.1480532858803795,-0.47897686326301975,-0.5951420572627941,-0.37767057506514895,-0.8559294953468518,0.5519606730219629,-0.254532627790678,-0.4174007409976144,0.18323176184774048,-0.3134224887931397,0.330997854394401,0.07260023205794938,-0.08235311759091608,-0.9900652027112226,0.031097169916102695,0.68378884162778,-0.4776741639512912,-0.6782244770573348,0.8509450928179402,0.06650770503668531,-0.2663054786754921,-0.8653219002747673,-0.6641982995595132,0.2837853649259132,0.6191326032700613,-0.25641563151706476,-0.9205947458246991,-0.5323132972824062,Volatile,4,1,0.2160341534811868
42075,PA,Lebanon County,-0.5520493601443152,-0.6000051627473487,0.16193659951386796,0.6610353277735189,1.8341508754606375,-0.5524610860747216,-0.164502689687434,-0.8462490598669558,-1.0895979511721268,-0.33122817687901995,-0.5185249786705585,-0.5145641835013444,-0.4243946806352382,-0.12963514055183067,0.04869414868289025,0.3813854149087793,0.8079107849103665,0.6904282554510748,-0.8603895865646258,-0.40701735364926445,-0.10365922117990387,-0.30708485305850663,0.09767373563480987,0.7122641740282463,1.0356720547572162,0.9654592756226061,0.49856298401438487,0.7934864499585702,Stable,2,0,-1.189071617169359
42077,PA,Lehigh County,-0.8284056677856422,-0.2761228751899087,1.2811402933945064,3.6551544478327016,4.478020802580014,0.0031286727048301793,0.8379681322858966,-0.48991629815243704,-1.0219335395546856,-0.719739286626186,0.46197091530794215,-1.2537906050199439,-0.6583752207518377,-0.44604194679645337,0.5814234487901611,0.8359123485331236,0.6573074422269938,-0.1769827037594242,-0.8288840736274926,-0.9087876723485058,0.006353727284922253,2.2829502454772865,1.245156809448465,1.4958413251030847,1.8547468550534933,1.0734613995009084,1.1156660764536834,1.8008100171513193,Volatile,4,1,1.1202175845550657
42079,PA,Luzerne County,-0.38623557555951915,-0.3853399425867923,-0.07263025266519922,1.4261522827256228,2.27783303184188,-0.07313046996013958,-0.05886468875393464,0.4163086917334759,0.26105804003015703,-0.3058719547637856,0.4100210870414603,-0.9648965175916081,-0.3347161839865165,0.42408670577612134,0.0601628035454751,0.12103001922656087,-0.6969667197669546,-1.248781598048963,0.74447876673731,-0.4927550015145645,-0.002273829147129245,1.5394338057699188,0.44012748478123526,1.3782376253647668,0.9719155457780025,-0.11140655037980342,-0.4414837798396415,0.33377160920905896,Highly Volatile,5,1,1.989773191280202
42081,PA,Lycoming County,-0.4967780986160502,-0.4437770353893686,-0.22092274439002,-0.3881200578959929,-0.8208693504757245,0.28853790826859554,-0.11211815206055015,-0.18501417973244882,-0.016275218240524556,0.6867552520307978,-0.0040417920445569,-0.797724222595883,0.16338432354148016,-0.4189900487399159,0.5481423095811127,-0.35857873732855783,-0.6417490800255772,-0.3773407223822409,0.4484971159655315,-0.34896313552774444,0.1920384346618112,-0.7321076921733799,-0.5361157241083594,0.5180519186580345,-0.14222125587637893,-0.09307703773353337,-0.01435538063035324,-0.101366293094665,Stable,2,0,-1.0605384803892537
42083,PA,McKean County,-0.01776049870441645,-0.595200355590192,-0.35554948324241353,-1.1914163412992649,-0.9049770424920096,0.5039860319642313,-0.5110347255661658,0.02330745350141062,-0.029968940704596693,1.2846456493455818,-0.1674302383061458,0.351984257152449,0.4629868352930364,-0.34923275343749366,0.40797582504266894,-1.1343299716506472,-0.331672494556875,-0.24926355606092157,0.36220114019138444,-0.20523648443974743,0.28769327054704597,-0.6741090163169116,-0.9510961800882357,-0.32988582480243733,-0.7945055976765438,-0.1756646703450074,-1.8985968987561759,-0.6551731986433152,Very Stable,1,0,-1.8058405252692011
42085,PA,Mercer County,0.1849007935658903,-0.32490437140692796,-0.39298578814753915,-0.7520867294945636,-0.9636146136315836,0.35682160079317715,-0.027304200735148255,-0.10665910484272736,0.2557791999157512,-0.07196336057199924,0.12104008313171495,-0.36931406146212054,0.6045898884549559,-1.106986835199801,-0.3020500265992386,-0.23617555891713982,-0.40570640994597207,-0.19687973713358678,1.0157874367793718,0.014384398109229049,0.22228676836202815,-0.8478244932412043,-0.5295834448303963,0.4872219397177711,0.3116472643981855,-0.422402969389195,-0.6120850758023347,-0.46666109513241266,Volatile,4,1,0.1783170372072937
42087,PA,Mifflin County,-0.12830302176094752,-0.6928114566748168,-0.5832596809120203,-0.7498665355101964,-0.8396135445257177,-1.6697057959869035,-1.1090153229882407,0.6373670331233723,-0.282606484682289,1.665794674144349,-1.5570690734279127,-0.5329170247393367,0.5677906296295238,1.10983503796594,-0.25888697353796253,-0.8302746611136884,0.29485371197757376,0.4407148451759603,-0.4009973907347878,-0.10101222088705805,-0.46548823174928555,-0.8429033220002412,-1.202039872744927,-0.21383339065566281,0.012649265707230942,-0.09016327766178348,-0.7420648187465215,-0.5821768751576512,Very Stable,1,0,-1.902374299854332
42089,PA,Monroe County,0.0006632551383389482,0.2899287686373002,0.7369701277326648,2.580834553245411,2.444866738884383,-0.007547179129279769,0.15156441140809948,-0.7057542292592309,-0.9564566776215256,-1.0596665837061277,1.0979609567540163,0.6475225868547736,-0.675704471977143,0.2549605436436169,1.8835370470572967,0.2323925089306843,1.2586753588161252,0.6430842418862172,-1.587914175514621,-0.33373659731443583,0.11752715503757358,0.3766695141064182,1.3991157009159065,0.833926788959853,0.737120684991884,1.2939643605988458,0.7856106535365344,1.833816882337956,Highly Volatile,5,1,3.40617783019821
42091,PA,Montgomery County,-0.5336256063015598,-0.0579755559868533,3.8611769958886883,0.28669358693005503,0.0761392230869198,1.3174374821353274,2.744285119713118,-1.7151928549399804,-1.9041672001660739,-2.7275126941222583,-0.4292692740496835,-0.49993412099266993,-2.233112762949026,-1.206909729216553,1.731994519761093,2.907154489673246,0.45214787211395074,0.8256941020004518,-0.594972280480083,-0.7588581445213254,-0.27680983008895577,1.2267873676881933,1.0283425327825637,2.168139898962629,2.254166634190047,2.897256375487833,2.183669335705325,2.700287924152381,Highly Volatile,5,1,1.221859118584467
42093,PA,Montour County,-0.2204217909747232,-0.582699992062114,1.2051301861511667,-1.0610781108499983,-0.6668350767159339,0.9135976625672934,1.293589106986727,-1.1508911749482211,-0.38524895031907425,-0.3200051984064555,-1.392877928614516,-0.8746676440621564,-0.5481981361302946,-1.7568337145985162,-0.2760901148220348,0.5731351035863825,0.01985016086215104,0.4428571979836713,0.631629938464422,-0.3567756016159726,-0.6315601946512212,0.36614005584605047,-0.5713673288326612,-0.9710789662543275,0.18557500351388415,0.868954610806941,0.5696262633902284,0.9236711335907627,Volatile,4,1,0.5884495838561767
42095,PA,Northampton County,-0.38623557555951915,-0.28559561265445704,0.9954239851398219,1.5031525802820775,1.887741239899759,0.689483564588829,0.8919324764506198,-1.1722127782567833,-1.4647894812717988,-1.1309601787723174,-0.35808299242228686,-0.5350715783699246,-0.3192000244072903,-1.1782989328717872,0.3191612474988636,0.9190674178959495,0.7396760610208599,0.4576331033012489,-1.0338827136842048,-0.45363604142587083,0.6388003186633742,0.5526252386757283,0.7502243936080801,1.3554018776202368,1.6592674501308933,1.630722749997743,1.1925438572918694,1.8403898351080181,Volatile,4,1,0.6161782971627457
42097,PA,Northumberland County,0.07435827050935923,-0.5679471039063203,-0.5232157033090686,-0.7435556705489043,-0.2371015228609823,-0.052274662235497475,-0.6609308282640096,-0.24348900460941553,0.15996244092783818,0.47348843206580965,-0.9121050521826004,0.03055122967439594,-0.008057134505096448,0.02017368635334496,-0.3051800698381815,-0.08648706506649635,-0.40346904503662573,-0.4019065417118471,0.5728475961156586,0.018615295877273685,-0.45514706338387967,-0.7358281674463341,-0.6871003152990225,0.3349581768921671,0.4705323397536816,-0.370294027745837,-0.640071673667093,-0.6721848462576899,Moderate,3,0,-0.049415375821033
42099,PA,Perry County,-0.054608006389927244,-0.7062689908847523,-0.5852784623118396,-0.9316701706919513,-0.7906149357380646,-0.2779488004797747,-0.5743699395995704,-1.357593112813742,-1.3107381647304772,0.33876493554479997,-1.2580605041173756,0.8548489472665165,-0.2651311815204172,-0.8296668937004139,-0.26408615851773576,1.1206148354414933,1.1760608999004198,1.1591251339666733,-1.0820500112809948,-0.20967223753587488,-0.4655404865303876,-0.5950580734240066,-1.2326907496900719,-0.21035211849014784,-0.21955894023189015,1.0322636019463287,0.43172946404383167,-0.30128697426536727,Very Stable,1,0,-1.3944494059910402
42101,PA,Philadelphia County,-1.6206270830241136,2.221850642814238,3.805079006070968,0.8933490563892434,1.9094451161826849,-0.7684715947510746,0.961393655515541,1.876381788693046,1.2179709541830546,-1.4559186345092892,1.8785366311292337,-3.040484688524689,-5.69582437657273,-0.5235330335890259,11.93259212788205,1.8123661708462817,-2.924262150769715,-3.766927233968007,2.389466867030205,-1.618156829661566,0.20269387032729883,2.599473144810183,2.261020839688359,2.6543219799816136,3.7760756565644717,-0.25457770904459254,0.5115091097851426,1.8469533777778422,Highly Volatile,5,1,1.3596879724312516
42103,PA,Pike County,0.9771222088043606,-0.30833176959860686,0.0190683861854881,1.3573214831339735,1.2613030929667752,0.773125114146682,0.382449716005744,-0.9163153496142304,-1.2269119710968626,0.8336190876825148,1.4540331388931624,1.5297149749609973,-0.8006981451187613,-0.2209445148753513,0.6245194871243257,0.9928654483718459,0.8086921056095637,0.9390629135218258,-1.2416528747337405,0.5709678191358548,-0.4850484618247478,-0.1090219362268868,0.35261992415099475,0.009346867840701252,0.007186716015910541,1.153231735260153,0.8384558694295177,1.7842170429336563,Highly Volatile,5,1,2.939599475210799
42105,PA,Potter County,0.7928846703768092,-0.7330985041757082,-0.5419337979360861,-1.3010588833413275,-0.9548938253229604,0.3575124428976279,-0.7831076798383203,-0.14144148263427828,-0.24157450475034603,0.23459176352976693,-0.827692810499239,0.575643872714147,-0.3410627460976788,-0.457547683118189,-0.3473847190185329,0.07860657355734452,0.08465884067596231,0.7534868094924843,-0.28541321824146076,0.8334033138488185,-0.5698011067906236,-0.8130788838768673,-1.3641688793726536,-1.0617783755307526,-1.5726470859167403,-0.505551447938688,-0.8084112076585855,-0.6551731986433152,Stable,2,0,-0.6487018015204254
42107,PA,Schuylkill County,-0.07303176023268133,-0.5490151950918406,-0.48668952748419114,0.06404371965405961,0.30061411349390454,-0.06721094377020134,-0.6078679973795953,-0.2044084767877118,-0.15818655368939957,0.8771428291238297,0.30187100220198354,0.11090048840345142,0.2804539733971626,0.5752392155828944,-0.1735974980047576,-0.6890647158320894,-0.10292989360290791,-0.9063249687197636,-0.07503495308141793,-0.2307251600934662,-0.20199602256793617,-0.4769829293217916,-0.4685633673196933,0.7087230579972223,0.41364812720194705,0.2511206287835464,-0.8102763556880105,-0.2908197693263289,Moderate,3,0,0.0134981711884902
42109,PA,Snyder County,-0.6441681293580908,-0.7172899303440199,-0.39214306372424795,-1.2661345228666345,-0.7716179444197735,-1.856485017969711,-0.5328587956111528,-1.0061217701109417,-0.8414994878047497,0.9672994699881792,-1.6974336682476145,0.04461008218660793,-0.6332563078499596,0.21278296571685604,-0.2811843181146794,-0.2882850196604981,0.9328923286897068,1.2744947094775556,-1.121477840896095,-0.2895763543458801,0.8530476035880824,-0.7377122807856819,-1.2492697764268452,-0.3346978867110031,0.07232910862212953,0.14110558449502095,0.16484328765792908,-0.021804491255779105,Very Stable,1,0,-2.276824142755314
42111,PA,Somerset County,0.5165283627354822,-0.5677169142659557,-0.4382094662450292,-1.645299547111733,-0.9911908499196606,0.11410748419782349,-0.8046566819148028,-0.6321574301724243,-0.013923203946475683,0.5597578024261639,-0.14133915381499595,0.6700698128266905,0.7423853577032203,-0.5387955138314215,-0.3493630649396491,-0.4199101857709908,0.2252486952634803,0.7967004766210808,-0.08392811469607069,0.4121545131764947,-0.3694425237272568,-0.8187833687473337,-1.1292091482132454,0.15785425403989142,-0.3904194757726483,-0.29710017648538517,-0.8554094508341265,-0.9836249796024755,Very Stable,1,0,-1.9152324630153403
42113,PA,Sullivan County,2.1746662085834445,-0.5888718487635403,-0.716403341152775,-1.5003425403593027,-0.8265404614057269,0.5892960449920118,-0.44350625191650955,-0.488151984825439,0.0811596541715883,0.2410718694286267,0.43063241180940703,1.2591595183304714,0.7446520803702499,-1.1525051912472348,-0.3144374282475521,-0.5423061359513346,-0.1746713393854938,0.9338500197765712,0.3779657224564925,1.948653473499462,-0.03398369129071345,-0.6977667703052992,-1.1637667478592333,-1.8821598646270723,-1.6744188022735793,0.359883959698126,-0.0872795960753686,-0.8517702146570799,Very Stable,1,0,-1.5751688573677032
42115,PA,Susquehanna County,0.82973217806232,-0.7472054340918127,-0.4995328778446847,-0.9908402854800641,-0.8112486576422595,0.144355930719645,-0.6517351976662892,-0.5305988909873398,-0.2971526218108931,-0.11630975360891531,0.45399197262287233,0.41981230033449884,-0.1916566487656847,-0.634263591722235,-0.12818349588113342,0.6609774838453298,0.18865488188431434,0.04581255054140352,0.03055236588320675,0.7595120646789122,-0.5136669722027136,-0.6853050844489602,-1.2929356926959992,-0.3648856881923443,-0.691121833794451,0.26428450437277523,0.179390809632065,-0.0021279212590870084,Stable,2,0,-0.7694753515973914
42117,PA,Tioga County,0.1849007935658903,-0.704553638275889,-0.5466234209719633,-1.4989486887327654,-0.9608002917625571,0.4838774989520674,-0.36663208234673117,-0.45490787518823494,-0.32400637516563024,0.7611069855202863,-0.37245015038704143,0.2766825699201197,0.4112826299145908,-0.40309830760382726,-0.019888058591232115,-0.5725811837402741,0.6277126660996555,0.6547475139960948,-0.7486442869129437,0.4186665984216887,-0.15164712562450855,-0.9379909959511074,-1.3846353832021978,-0.3089939000115483,-0.8895870184166524,-0.014178295146565404,-0.32895636886059576,-0.35928771505267965,Very Stable,1,0,-1.49438316202707
42119,PA,Union County,-0.5704731139870705,-0.31500187411750524,0.3775383280595022,-1.6803749360253317,-0.2650665968159714,-1.2294960789899358,0.06129491248195453,-1.1227352650453015,-1.0635031817090996,-0.250113925551769,-1.8597111700108417,-0.3781728159549392,-1.265350311829669,-0.8443906549277639,-0.3126171915833261,-0.29954862604579596,0.5702062092558662,1.4554741886303257,-0.33949634014487123,-0.5662131149404206,1.5663105666542245,0.23455558058789053,-0.26947832842633823,-0.27959578851415634,0.15892167200030916,0.8303578926074395,0.47606226616552516,0.1948326804459619,Very Stable,1,0,-1.612861823690229
42121,PA,Venango County,0.6454946396347687,-0.671104949164465,-0.5854742150892308,-1.0721409451431627,-1.0460275764120253,0.27582896051066114,-0.6904583782548389,-0.10815358645503191,0.10723059502313229,0.24636061411211627,0.2853506294937811,0.006835631769672593,0.439376297074444,0.11728656643021397,-0.05296344781802276,-0.35191867959584416,0.14611182896513683,0.16642063222476797,0.004014074590467621,0.5258900225671839,-0.5792823210800959,-0.9238610953247157,-1.1888652761505094,-0.15014870943724137,-0.321051853995339,-0.2907036941054778,-1.508553735950485,-0.7351065718866917,Very Stable,1,0,-2.10922398721495
42123,PA,Warren County,0.553375870420993,-0.7039881127241185,-0.5140730578576762,-1.09591153053504,-1.0490585623206112,0.7810737655008381,-0.6043543737269224,-0.673698935071649,-0.38577113714979716,1.379855454093658,-0.4674602902011784,0.5488687927380326,0.4902087813164017,0.29530086345890694,-0.20898520980363128,-0.9017768047195648,-0.29427822880838905,0.33655373794586924,0.6189434184861513,0.6080870414236178,-0.46992300787568564,-0.9509486595496325,-1.2950992538249668,-0.37125722158694174,-0.7537822482699299,-0.3790993540899658,-1.3307327739072448,-0.9714802472772357,Very Stable,1,0,-2.299459459001967
42125,PA,Washington County,0.019087008981094344,-0.5252264140840733,-0.0249813583288403,-0.7055295644716705,-0.8844575880046636,1.1725172162687467,0.7110241101124432,-0.9647672448261121,-0.7670246090668669,-0.7425880152310698,-0.22827382709575814,0.1118674203621643,-0.2220056377782498,-1.238537653473829,0.08328174537762835,1.0557130144670395,-0.14838680496473933,0.23828998500443488,0.16432722204985653,-0.10152611140137781,-0.23529554633419794,-0.5603270709238168,-0.6867397790134694,1.0174605020759022,0.643138125816066,1.0005096179780877,0.3347037290667888,0.0757445882421186,Moderate,3,0,-0.3678765029883116
42127,PA,Wayne County,0.9402747011188511,-0.5213780984458608,-0.329956036774014,-0.3977251951571961,-0.24662597296961053,0.5044820962217818,-0.2502397679908173,-0.3585022352044628,-0.15891905360933092,0.7267868126906974,0.5401607986385172,0.6855250416338479,-0.2207875495221458,0.050575423490411366,-0.20759397432554874,0.2921217109754566,-0.24526932168301688,0.24408370232160131,0.5042015580926927,0.8543895392946184,-0.5760156531544982,-0.5420287661930184,-0.5211147990870292,-0.1266919069933539,-0.356768149279293,-0.21895103124488954,0.4997423336760503,0.4863077415975501,Highly Volatile,5,1,1.2274420530074115
42129,PA,Westmoreland County,0.5717996242637484,-0.5697760215963027,-0.21103088556749608,-0.9439156247308691,-0.9773977076376656,1.4419265300575912,0.69681658360695,-0.8051684939526409,-0.45731707281691936,-0.7033045320346771,-0.22918089627870175,0.4121040195744306,0.15368194644509497,-1.038002529939713,-0.03820050234803324,0.6654519297040283,-0.3469690066536394,0.14071555458429355,0.530505705747402,0.29294043595030633,-0.38723231103682804,-0.7889647072284461,-0.8921072928514516,1.437482309153409,0.9145083176863089,0.672537434320393,0.003938976276428678,-0.27516363423065465,Very Stable,1,0,-1.32257116412536
42131,PA,Wyoming County,0.1849007935658903,-0.7221286739139351,-0.6259758513150965,-0.7296019692319836,-0.7871735685723195,0.629102235876527,-0.379851737613693,-0.5027351130493981,-0.5994794983164182,0.5539718742172232,-0.09947562280103761,0.34705546230468426,0.8044462585347959,-0.5491927043361222,-0.3526230315394458,-0.46576108454814324,0.1365395667883251,0.24505824400076934,-0.5913837118664634,0.30929277184466053,0.06276035295727178,-0.6504889806254054,-1.221442621449947,-0.6784320739342493,-0.4186294002607362,0.5560932876546866,0.16616885738374745,0.0466971810083167,Moderate,3,0,-0.4654578946448952
42133,PA,York County,-0.5520493601443152,-0.29020406210552135,0.08539526264572087,0.43437986383001187,0.6737683860394467,0.4191139637052182,0.17361021221349018,-1.2668927995036254,-1.5007685395715875,-0.07680325809022713,-0.41152409850641836,0.14314429684118954,0.09721358796035237,-0.6877898616138403,0.037431755945779646,0.45970249488727233,0.8359348436144174,0.6255470208223433,-1.0245699485492175,-0.6337706880875545,-0.18382336213967546,-0.22402054820763012,0.2510563008974983,1.6585595872737395,1.2381188033413126,1.3716516900464428,0.5753734288398866,1.1238024560406992,Moderate,3,0,-0.2871924446728984
