county_fips,state,county_name,population_2024,total_votes_2024,dem_margin_2024_pp,p_high_vol,p_high_vol_state_rf,S_persuadability,S_electoral_weight,S_volatility_predicted,S_volatility_predicted_state_rf,S_uncertainty,S_dem_opportunity,S_misfit,DPS,DPS_state_rf,PersuasionScore,PersuasionScore_pooled,state_priority_pct,state_persuasion_pct,old_priority_score,volatility_class,race_entropy_raw,kmeans_cluster_label,new_rank,new_rank_state_rf,persuasion_rank,persuasion_rank_pooled,dps_rank_shift_state_rf,persuasion_rank_shift_pooled,old_rank,rank_change
42101,PA,Philadelphia County,1579706,1442882.0,58.80730371575777,0.748985062813004,0.743978602529222,0.8627023097218316,1.0,0.748985062813004,0.743978602529222,1.0150317806489895e-05,0.3910049795504852,2.2436917930257866e-06,0.7017977460389937,0.7005461309680482,0.8376648786950689,0.8401681088369599,1.0,1.0,0.3963815246074622,Highly Volatile,0.9040960526979568,4,1,1,1,1,0,0,11,10
42091,PA,Montgomery County,867573,1041812.0,22.804882262826688,0.9103542555311898,0.7499040675870396,0.4180079481688599,0.8409032365407161,0.9103542555311898,0.7499040675870396,0.0024684580386808985,0.61664472487983,0.0009909257447565936,0.6195208163882647,0.5794082694022272,0.6896798299709138,0.7699049239429889,0.9848484848484849,0.9545454545454546,0.422443840174069,Highly Volatile,0.6557340955292557,4,2,4,4,2,-2,-2,9,7
42003,PA,Allegheny County,1238177,1441008.0,20.30814540932458,0.5811553959112784,0.8494074867942513,0.5005197604721021,0.9993122518853874,0.5811553959112784,0.8494074867942513,0.002408635913183632,0.7267292970687946,0.0009668664858823701,0.6112088725115266,0.6782718952322697,0.799661746486498,0.6655357010450116,0.9696969696969697,0.9848484848484849,0.4368701722987849,Stable,0.5810251266042415,4,3,2,2,7,1,5,7,4
42017,PA,Bucks County,647461,802056.0,-0.0725635117747458,0.8783174812975116,0.6758960037210809,0.3217917164069486,0.7306281406370978,0.8783174812975116,0.6758960037210809,0.4105246293832898,0.553248615161752,0.44747673844754376,0.6077750037865515,0.5571696343924438,0.601052966121552,0.7022637049097674,0.9545454545454546,0.9090909090909091,0.6504797755849017,Highly Volatile,0.5043364496029676,1,4,5,7,4,-1,-3,1,-3
42045,PA,Delaware County,579222,656344.0,23.73846641395366,0.8676400518384256,0.8666336162203809,0.556325475901303,0.6553359225506261,0.8676400518384256,0.8666336162203809,0.007074780667204905,0.6237124667982173,0.002843496305517019,0.5981448579605555,0.5978932490560444,0.7362321577231727,0.736735375532195,0.9393939393939394,0.9696969696969697,0.3426039051241291,Volatile,0.7367803008748712,4,5,3,3,3,2,0,15,10
42095,PA,Northampton County,318580,356430.0,-1.7742614258059035,0.8442210871258082,0.704627577453507,0.44333552419028743,0.4674843339146937,0.8442210871258082,0.704627577453507,0.9141528723134928,0.6489237340419922,0.3676521092517284,0.5658322167194124,0.5309338393013371,0.5800187532529988,0.6498155080891495,0.9242424242424242,0.8787878787878788,0.46330469325277,Volatile,0.5996984169726355,1,6,7,9,8,-1,-1,5,-1
42077,PA,Lehigh County,378792,379620.0,2.692165850060583,0.8511562125181313,0.7476345929440359,0.5520045192922076,0.4843324032615718,0.8511562125181313,0.7476345929440359,0.5159957506347699,0.5201040931348724,0.2075213017369648,0.5628264581269574,0.5369460532334335,0.6329015271104628,0.6846623368975105,0.9090909090909091,0.9393939393939394,0.4272401872061218,Volatile,0.6994181757902501,0,7,6,5,6,1,1,8,1
42029,PA,Chester County,547840,649928.0,14.457601457392208,0.8878436319442504,0.7438038987672119,0.33708402554830996,0.6518372926731473,0.8878436319442504,0.7438038987672119,0.024027953471826402,0.7071829117914139,0.009661722335721903,0.5587968168073189,0.5227868835130592,0.6191322789389703,0.6911521455274895,0.8939393939393939,0.9242424242424242,0.4023293671857104,Highly Volatile,0.5844714682743328,4,8,8,6,5,0,-1,10,2
42041,PA,Cumberland County,268323,296792.0,-9.442303027035775,0.8319895226548478,0.7034574090941736,0.3690761710834993,0.42144852963330914,0.8319895226548478,0.7034574090941736,0.8267256735965851,0.8525060751751835,0.33030534060300526,0.5534799828151877,0.5213469544250191,0.549359879726289,0.613625936506626,0.8787878787878788,0.8484848484848485,0.4820807738443455,Volatile,0.5006570976135863,1,9,9,11,10,0,-1,4,-5
42043,PA,Dauphin County,289593,299052.0,5.920709441836209,0.7047579557869029,0.5727497493562511,0.6025212948778462,0.4232732321854303,0.7047579557869029,0.5727497493562511,0.36337975198585304,0.6667658857170278,0.14614220847778958,0.534251632486897,0.5012495808792341,0.5428235064439446,0.6088276096592706,0.8636363636363636,0.8181818181818181,0.3845618687772261,Volatile,0.7754259626796781,0,10,11,13,11,-1,-2,12,2
42011,PA,Berks County,433015,419676.0,-12.177012743163772,0.7414366476906367,0.6723105503199932,0.4899977318192676,0.5122642318939636,0.7414366476906367,0.6723105503199932,0.5334174098679832,0.5326068328842314,0.21452794361115582,0.5293164999128904,0.5120349755702295,0.5867207660883045,0.6212838147736262,0.8484848484848485,0.8939393939393939,0.3835608552405246,Volatile,0.5954582685481367,0,11,10,8,9,1,1,13,2
42069,PA,Lackawanna County,216146,233180.0,2.7866883952311454,0.5269502775674311,0.459640106350478,0.4876299677216925,0.3668918288143306,0.5269502775674311,0.459640106350478,0.43174261054619034,0.5363778629929975,0.8199363241333903,0.514907291916662,0.4980797491124237,0.44345050230924477,0.4771055879177213,0.8333333333333334,0.7424242424242424,0.5735878833478495,Highly Volatile,0.4852409930137282,0,12,12,18,15,0,-3,2,-10
42089,PA,Monroe County,167515,171050.0,-0.782227418883366,0.6798531570674922,0.7379527526395175,0.5241246011368295,0.3058074462564754,0.6798531570674922,0.7379527526395175,0.7490489100214534,0.4903981596227846,0.3012506075173336,0.4764023970077141,0.49092729590072043,0.576459388168085,0.5474095903820723,0.8181818181818181,0.8636363636363636,0.4924909192339483,Highly Volatile,0.7304380545324657,0,13,13,10,12,0,2,3,-10
42079,PA,Luzerne County,327675,312300.0,-19.17387127761767,0.5704749051209015,0.5671379865232811,0.5283018095236645,0.4338336060187662,0.5704749051209015,0.5671379865232811,0.42696442128473033,0.57064266098919,0.1717146869944599,0.47594724866378924,0.4751130190143842,0.5241028471472482,0.5257713064460584,0.803030303030303,0.803030303030303,0.3834718576008746,Highly Volatile,0.5372196057882952,0,14,15,14,13,-1,-1,14,0
42071,PA,Lancaster County,557931,578514.0,-15.951904361865047,0.47458744072712306,0.500197862431686,0.37788977909862853,0.6116638664107414,0.47458744072712306,0.500197862431686,0.035951154522414375,0.7216254728543322,0.014456994625067538,0.4580455799940482,0.46444818542018895,0.4974873425931855,0.484682131740904,0.7878787878787878,0.7727272727272727,0.3022509546524168,Stable,0.4933121672695565,1,15,16,16,14,-1,-2,18,3
42049,PA,Erie County,269052,275190.0,-1.0247465387550392,0.33137341611133225,0.5702689721269447,0.4883472803232892,0.403644045365019,0.33137341611133225,0.5702689721269447,0.807767931633318,0.6258542460311687,0.3356424370776448,0.4260282708385118,0.48575215984241493,0.5081323174855494,0.3886845394777432,0.7727272727272727,0.7878787878787878,0.4581305208330078,Moderate,0.4708245316100663,0,16,14,15,20,2,5,6,-10
42133,PA,York County,462924,498420.0,-25.263031178524145,0.3730832529835728,0.5151506753910009,0.38453462632285984,0.5635294754087106,0.3730832529835728,0.5151506753910009,0.06477160728466458,0.7199535250699687,0.02604800260277778,0.42353702963787915,0.45905388523973617,0.494591363128393,0.423557651924679,0.7575757575757576,0.7575757575757576,0.2861822908331591,Moderate,0.4991252473409238,1,17,17,17,18,0,1,20,3
42019,PA,Butler County,197254,242880.0,-32.2068511198946,0.4514734196017106,0.2694873557471082,0.22292631053007148,0.3756540169569126,0.4514734196017106,0.2694873557471082,0.8359693657465594,0.7557456497695088,0.3362082712309155,0.39900767689722666,0.3535111609335761,0.2843887597453001,0.37538179167260133,0.7424242424242424,0.5909090909090908,0.3164546897328418,Moderate,0.2443347265878845,1,18,20,28,22,-2,-6,16,-2
42103,PA,Pike County,60621,69900.0,-24.048640915593708,0.6430730898284437,0.49545698729375204,0.3899907040554677,0.1743089348707583,0.6430730898284437,0.49545698729375204,0.05611413661575437,0.6029322565340975,0.022566141564093124,0.3800304819509413,0.34312645631726835,0.38880340337843255,0.46261145464577835,0.7272727272727273,0.7272727272727273,0.3068097334044356,Highly Volatile,0.5195884453278343,1,19,23,19,16,-4,-3,17,-2
42027,PA,Centre County,158576,161584.0,2.834439053371618,0.45063674727405406,0.721757473082473,0.45324794073684915,0.29557743050106244,0.45063674727405406,0.721757473082473,0.00652857038427368,0.6261647400829966,0.002623821486415787,0.37846409982416795,0.4462442812762727,0.5480850793507144,0.4125247164465049,0.7121212121212122,0.8333333333333334,0.2734515594311401,Moderate,0.460730977456661,4,20,18,12,19,2,7,21,1
42129,PA,Westmoreland County,352500,422900.0,-28.42468668716009,0.24075628874253036,0.1989097250444774,0.30046095717585547,0.5144532050225017,0.24075628874253036,0.1989097250444774,0.3262890877539554,0.7090926025926777,0.1312250873431204,0.3689573239771966,0.35849568305268337,0.303183403071828,0.3241066849208545,0.696969696969697,0.6363636363636364,0.2687898596171804,Very Stable,0.2687988548694183,1,21,19,25,25,2,0,23,2
42051,PA,Fayette County,125997,126944.0,-37.94586589362238,0.5250744904802361,0.2880662432854385,0.42603876283815983,0.2553131641263461,0.5250744904802361,0.2880662432854385,0.018351297915235598,0.4237923827140174,0.007378685341614141,0.35550298786813944,0.29625092606944003,0.3143711033838457,0.43287522698124453,0.6818181818181819,0.6515151515151515,0.2109349076295991,Volatile,0.3124907870121126,3,22,28,24,17,-6,-7,27,5
42093,PA,Montour County,18103,19816.0,-21.01332256762213,0.5382583119210298,0.2526741564077478,0.29443069002094946,0.06535535064298223,0.5382583119210298,0.2526741564077478,0.45399344774905837,0.8098808126934565,0.18258521925022403,0.3485693421392005,0.27717330326087997,0.21628358836985684,0.35907566612649783,0.6666666666666667,0.43939393939393945,0.2909238386474342,Volatile,0.3334220454939722,1,23,35,38,23,-12,-15,19,-4
42125,PA,Washington County,210042,243234.0,-25.505480319363244,0.27380390901574564,0.37860627607686426,0.2971297292512544,0.3759704511243634,0.27380390901574564,0.37860627607686426,0.32761903349542587,0.5854623624722994,0.13175996484232114,0.32637881326216844,0.3525794050274481,0.3575781831323366,0.30517699960177724,0.6515151515151515,0.6818181818181819,0.2732871962405609,Moderate,0.3101766234161066,1,24,21,22,29,3,7,22,-2
42073,PA,Lawrence County,85024,94220.0,-33.765654850350245,0.47326625596674254,0.25723756566790634,0.36804653450710756,0.21182644076324164,0.47326625596674254,0.25723756566790634,0.03985736080465485,0.4551204622331766,0.016027992435321763,0.3221783646428352,0.2681711920681262,0.27358702665154044,0.38160137180095854,0.6363636363636364,0.5606060606060606,0.2038325522514715,Volatile,0.3147183160242255,3,25,36,30,21,-11,-9,28,3
42075,PA,Lebanon County,144186,147384.0,-31.954621939966344,0.23281174079297798,0.2950405105214702,0.3970237051678486,0.27965184171828567,0.23281174079297798,0.2950405105214702,0.011650619492014402,0.7100451946756533,0.004683806891912653,0.31671294711572384,0.3322701395478469,0.31668914198226866,0.28557475711802255,0.6212121212121212,0.6666666666666667,0.1739771042600037,Stable,0.4682214877056789,1,26,24,23,32,2,9,32,6
42085,PA,Mercer County,109257,116820.0,-30.15921931176169,0.37914898876173303,0.2285071405718465,0.3953526184373305,0.24253082906694926,0.37914898876173303,0.2285071405718465,0.08964467422919475,0.45786570531171444,0.03605145118710392,0.31599775362885546,0.2783372915813838,0.27372443216199316,0.34904535625693645,0.6060606060606061,0.5757575757575757,0.2231204976616717,Volatile,0.3418407279278033,3,27,34,29,24,-7,-5,25,-2
42007,PA,Beaver County,166324,189686.0,-20.70896112522801,0.26014811625816525,0.38507877441615856,0.35913380157408425,0.3251517068017936,0.26014811625816525,0.38507877441615856,0.15906069031028425,0.5547573628772287,0.06396918040580162,0.31344922406888953,0.3446818886083879,0.36361076430204875,0.3011454352230521,0.5909090909090908,0.7121212121212122,0.2488870573373861,Moderate,0.3692340663987202,3,28,22,20,30,6,10,24,-4
42021,PA,Cambria County,131538,142272.0,-39.685953666216825,0.25349912670823077,0.19496245715069252,0.3876403189362413,0.27373192447065886,0.25349912670823077,0.19496245715069252,0.10086597788569962,0.554578444081192,0.04056443442424517,0.3031107023419624,0.2884765349525778,0.2628242894270713,0.2920926242058404,0.5757575757575757,0.5303030303030303,0.1613384623691247,Stable,0.2897301359940248,3,29,30,32,31,-1,-1,36,7
42127,PA,Wayne County,51262,58888.0,-37.09074853960061,0.3568617583169399,0.1399482525730204,0.3615393712976706,0.15516744950482464,0.3568617583169399,0.1399482525730204,0.020569669799712198,0.6175366496903999,0.00827087001416641,0.29661808474292956,0.24238970830694972,0.199150831487134,0.30760758435909374,0.5606060606060606,0.3484848484848485,0.2150831700122826,Highly Volatile,0.3435470039445125,3,30,40,44,27,-10,-17,26,-4
42053,PA,Forest County,6715,5300.0,-44.45283018867926,0.3906744914725083,0.22645093497833438,0.4410059311050244,0.005449393295223984,0.3906744914725083,0.22645093497833438,0.0035382891903668057,0.6270579840163978,0.0014211903737092685,0.2878423507669526,0.24678646164340906,0.2248392985892293,0.3069510768363163,0.5454545454545454,0.4545454545454546,0.091853122296701,Very Stable,0.4901375969875506,3,31,39,37,28,-8,-9,57,26
42081,PA,Lycoming County,113489,119370.0,-41.4593281393985,0.15510792274570354,0.18418389943389943,0.3687806248208114,0.24580095817945177,0.15510792274570354,0.18418389943389943,0.047407377065057155,0.716974193637284,0.019064457525863027,0.2844272078318851,0.29169620200393404,0.24573734546701553,0.23119935712291756,0.5303030303030303,0.5,0.1512779590159787,Stable,0.3405245940612799,3,32,29,34,35,3,1,40,8
42055,PA,Franklin County,157379,167768.0,-42.98912784321205,0.09611469493893246,0.13953121763857065,0.3303330490713739,0.3022933829756416,0.09611469493893246,0.13953121763857065,0.006662253718260347,0.7231870035347319,0.002677586241727248,0.27291835546854437,0.28377248614345396,0.2279222168310392,0.20621395548122012,0.5151515151515151,0.4696969696969697,0.1480756039336104,Stable,0.3951611083562642,1,33,32,36,44,1,8,41,8
42013,PA,Blair County,121277,129898.0,-43.4571740904402,0.12338404923476619,0.28461609615874334,0.3375366085523645,0.2589458997716553,0.12338404923476619,0.28461609615874334,0.04777816031448945,0.7022929873061927,0.019213579111065852,0.2701549601918538,0.3104629719228481,0.2914286751603766,0.21081265169838803,0.5,0.6060606060606061,0.1340336845644465,Very Stable,0.2572184046473524,3,34,26,27,41,8,14,44,10
42037,PA,Columbia County,65362,65152.0,-31.025908644400783,0.20020054132036466,0.2761132275876857,0.35067575613812374,0.1662555867149149,0.20020054132036466,0.2761132275876857,0.12896442465057778,0.6682592378337594,0.05186506607287653,0.2692985090316803,0.2882766805985105,0.26728944950710254,0.229333106373442,0.48484848484848486,0.5454545454545454,0.1608959622793197,Very Stable,0.2770793276042282,3,35,31,31,36,4,5,37,2
42107,PA,Schuylkill County,143558,146368.0,-42.06247267162221,0.0988858356554581,0.14032959246635723,0.3764082751005076,0.2784835451908033,0.0988858356554581,0.14032959246635723,0.010130769823359032,0.637850844812335,0.004072553842571954,0.26868483881855565,0.27904577802128044,0.23388775130600636,0.2131658729005568,0.4696969696969697,0.48484848484848486,0.1802942681686707,Moderate,0.3541351487772993,3,36,33,35,39,3,4,29,-7
42035,PA,Clinton County,37798,37044.0,-40.870316380520464,0.4337867527905396,0.18239814303343727,0.31397752630464143,0.11092179548198788,0.4337867527905396,0.18239814303343727,0.0004427871998363697,0.4312501036733145,0.00017624156727509766,0.268599811799366,0.20575265936009035,0.19742390196337595,0.3231182068419271,0.4545454545454546,0.33333333333333337,0.1801538290904205,Volatile,0.2060518446310309,3,37,51,45,26,-14,-19,31,-6
42001,PA,Adams County,106115,121300.0,-33.64550700741962,0.16939695584656683,0.31834452997982404,0.28387019206775,0.24825283679450075,0.16939695584656683,0.31834452997982404,0.006122211186027404,0.7145687519132584,0.0024603919682349667,0.26500863916239104,0.3022455326957053,0.29220302220547467,0.2177292351388461,0.43939393939393945,0.6212121212121212,0.15750070633772,Very Stable,0.3431525541731282,1,38,27,26,38,11,12,39,1
42063,PA,Indiana County,83042,84458.0,-39.11529991238248,0.18222181818749966,0.21727733932733953,0.3515849906027292,0.19742802761469166,0.18222181818749966,0.21727733932733953,0.09832297794079303,0.5439192412525573,0.03954169085765771,0.255741325615007,0.26450520589996696,0.24589192421802497,0.22836416364810505,0.4242424242424242,0.5151515151515151,0.1646833180099656,Stable,0.2605170420591327,3,39,37,33,37,2,4,35,-4
42119,PA,Union County,42456,42376.0,-23.381159146686805,0.18765815071025055,0.49698467227646825,0.32869820700592856,0.12272009583089713,0.18765815071025055,0.49698467227646825,0.0015256773847870386,0.7099663899383513,0.0006117582774493108,0.24859138191374416,0.3259230123052986,0.36134691184744056,0.2066836510643317,0.40909090909090906,0.696969696969697,0.1658991129911928,Very Stable,0.3942471144260461,1,40,25,21,43,15,22,34,-6
42025,PA,Carbon County,65382,70790.0,-34.79022460799548,0.1593151832377566,0.13686980095927473,0.35583784424517,0.1757877357797941,0.1593151832377566,0.13686980095927473,0.02472527327578522,0.5867166038005034,0.009942170373002332,0.24731753758736838,0.2417061920177479,0.20134129548587837,0.21256398662511933,0.3939393939393939,0.36363636363636365,0.1802079846431682,Moderate,0.3235536531028154,3,41,41,43,40,0,-3,30,-11
42023,PA,Cameron County,4427,4438.0,-50.292924740874255,0.39331888508401847,0.2186646257423347,0.30969213352864666,0.0,0.39331888508401847,0.2186646257423347,0.001874668106242594,0.5471378301231288,0.0007521153450467068,0.24423899783668823,0.2005754330012673,0.186755346253329,0.2740824759241709,0.3787878787878788,0.303030303030303,0.1304370911205747,Moderate,0.2096286628498403,3,42,55,47,33,-13,-14,47,5
42031,PA,Clarion County,37179,39466.0,-53.07859930066387,0.3121806930228277,0.12123184054507588,0.2939274207994869,0.11637960788280238,0.3121806930228277,0.12123184054507588,0.0005560004145461761,0.4899360150550162,0.00022177365123327684,0.24189165401456045,0.1941544408951225,0.16319267744311028,0.2586671036819862,0.36363636363636365,0.25757575757575757,0.1312565669611202,Volatile,0.2011452253020064,3,43,58,50,34,-15,-16,46,3
42097,PA,Northumberland County,90560,87044.0,-39.92693350489408,0.04884500484154071,0.13593629703629714,0.3741196984243086,0.2013198715311704,0.04884500484154071,0.13593629703629714,0.0008120393082909905,0.6835487709955931,0.00032474735829062467,0.24155533349349037,0.2633281565421795,0.2118280410070183,0.1682823949096401,0.3484848484848485,0.4242424242424242,0.1728662373190679,Moderate,0.3101039820002492,3,44,38,39,53,6,14,33,-11
42033,PA,Clearfield County,78635,80860.0,-51.531041305960926,0.14922503703516452,0.1373300532800533,0.3391476100068512,0.1919126411211999,0.14922503703516452,0.1373300532800533,0.003995873207156553,0.5586249198986515,0.0016052214863651528,0.240100089713931,0.23712634377515318,0.20143008942203944,0.20737758129959505,0.33333333333333337,0.3787878787878788,0.1058593090171937,Stable,0.2479436892584562,3,45,43,42,42,2,0,50,5
42087,PA,Mifflin County,46041,44142.0,-56.40433147569209,0.1520943650895287,0.06257565783889309,0.3395955170148501,0.1264621427630501,0.1520943650895287,0.06257565783889309,3.91312951505407e-05,0.6150851758504599,1.3899259537593547e-05,0.23142539060560688,0.20904571379294798,0.14780224386392157,0.1925615974892394,0.31818181818181823,0.1515151515151515,0.0666339989012793,Very Stable,0.2063531529361149,3,46,50,57,45,-4,-12,63,17
42121,PA,Venango County,49801,53464.0,-42.11806075115966,0.15575993433463706,0.12915158942364827,0.3052185748906909,0.1450794499125377,0.15575993433463706,0.12915158942364827,0.002091044164369782,0.6274159607112002,0.0008391374552344738,0.23004637705527076,0.22339429082752355,0.1771503009126313,0.19045447336812565,0.303030303030303,0.28787878787878785,0.1019663242970208,Very Stable,0.2090075913056122,3,47,45,48,46,2,-2,53,6
42039,PA,Crawford County,82716,85744.0,-39.24939354357157,0.09853811330537095,0.1393932866153455,0.33146511329329936,0.19937075061930262,0.09853811330537095,0.1393932866153455,0.0030844116898331997,0.5756372744250857,0.0012386499475408425,0.22945298485107155,0.23966677817856516,0.20240560928582324,0.18197802263083596,0.28787878787878785,0.3939393939393939,0.1342308162016459,Very Stable,0.224157173524614,3,48,42,41,49,6,8,43,-5
42065,PA,Jefferson County,43864,46258.0,-58.48934238402006,0.15449395193550547,0.10951258480082013,0.2917006567803171,0.13084856406620327,0.15449395193550547,0.10951258480082013,0.0005543736608527583,0.6737945503256639,0.00022111940352962295,0.22851275191165563,0.2172674101279843,0.16039359761204014,0.18288428117938282,0.2727272727272727,0.24242424242424243,0.0529048700068701,Very Stable,0.1497141927171424,3,49,47,51,48,2,-3,64,15
42083,PA,McKean County,39904,39364.0,-47.18016461741693,0.15211385323127788,0.11762293262293262,0.32149209211774865,0.11615319369168765,0.15211385323127788,0.11762293262293262,0.0005766742044104323,0.6226798243172442,0.00023008823481120456,0.22530352382918548,0.21668079367709916,0.16822278776382538,0.185468248067998,0.25757575757575757,0.2727272727272727,0.0940841576656732,Very Stable,0.2569136814196586,3,50,48,49,47,2,-2,55,5
42111,PA,Somerset County,72799,81762.0,-57.23196594995229,0.1088328816111907,0.05992784160284159,0.2857128852697288,0.1933066569441253,0.1088328816111907,0.05992784160284159,0.0004761684846802394,0.6062248702815654,0.0001896668504280919,0.2227649230977604,0.2105386630956731,0.14971880635488433,0.17417132635905888,0.24242424242424243,0.16666666666666663,0.0705649847897082,Very Stable,0.2210272014574258,3,51,49,56,52,2,-4,62,11
42099,PA,Perry County,46239,51450.0,-49.32167152575316,0.15176077764825122,0.09145000584211116,0.19882919019606268,0.14120409130587971,0.15176077764825122,0.09145000584211116,7.826839661884133e-05,0.7189131897769432,2.9639416678261863e-05,0.21281636843675109,0.19773867548521606,0.1307333232965412,0.1608887091996112,0.2272727272727273,0.10606060606060608,0.102034285999934,Very Stable,0.2001775662121612,1,52,56,60,55,-4,-5,52,0
42015,PA,Bradford County,59858,62384.0,-47.9193382918697,0.11038809687022944,0.09297545935316837,0.2778590559408787,0.16142472716996842,0.11038809687022944,0.09297545935316837,0.007266629557227455,0.5530489812818069,0.002920654080695329,0.2069141744155819,0.20256101503631666,0.15630867545429594,0.1650149942128265,0.21212121212121215,0.2272727272727273,0.128899489718007,Stable,0.1922703594681404,3,53,54,52,54,-1,2,48,-5
42059,PA,Greene County,34835,34472.0,-44.830587143188666,0.13801796332919447,0.1966648585075057,0.316120677872728,0.10492680151987152,0.13801796332919447,0.1966648585075057,0.0023259880523993637,0.5323262941438734,0.0009336271741479922,0.2064238508452012,0.22108557463977901,0.20359429910190274,0.17427085151274713,0.19696969696969702,0.40909090909090906,0.1357696377142819,Moderate,0.2629422033134992,3,54,46,40,51,8,11,42,-12
42123,PA,Warren County,37920,41446.0,-39.246248130096994,0.10880305859236293,0.05605498684322211,0.26023847318118654,0.12071811568323616,0.10880305859236293,0.05605498684322211,0.0008732225632858137,0.6680158990109927,0.00034935403614531484,0.20598556849508864,0.19279855055780343,0.12326664063771672,0.14964067651228713,0.18181818181818177,0.09090909090909094,0.102173574667353,Very Stable,0.1876034029904359,3,55,59,61,60,-4,-1,51,-4
42109,PA,Snyder County,39668,40076.0,-47.03563229863259,0.12415888039287735,0.1942969000813428,0.251279746575569,0.11772758934292242,0.12415888039287735,0.1942969000813428,5.0187709138227454e-05,0.6611569895385337,1.834592745754169e-05,0.20593847101109114,0.22347297593320747,0.18940028402029424,0.15433127417606154,0.16666666666666663,0.31818181818181823,0.0810008939205582,Very Stable,0.196837197922049,3,56,44,46,57,12,11,61,5
42061,PA,Huntingdon County,43653,46312.0,-52.94092243910866,0.09243064255974476,0.08912339653810239,0.31250314179475647,0.13095917747874972,0.09243064255974476,0.08912339653810239,0.0006712085772575538,0.5648613835756505,0.00026810806326008204,0.20461442691317658,0.203787615407766,0.15542727808742773,0.15708090109824893,0.1515151515151515,0.21212121212121215,0.0920552562033786,Very Stable,0.3117901949827127,3,57,52,53,56,5,3,56,-1
42005,PA,Armstrong County,64622,74238.0,-53.18839408389235,0.06108445251693018,0.038683816183816166,0.26514322304379867,0.18143088019041637,0.06108445251693018,0.038683816183816166,0.0012554658621179993,0.6018241030491543,0.000503084623334202,0.20220553739684738,0.1966053783135689,0.13098543390046186,0.14218575206701883,0.13636363636363635,0.12121212121212122,0.0839118013103974,Very Stable,0.1705120703483666,3,58,57,59,61,1,2,59,1
42113,PA,Sullivan County,5888,7442.0,-46.89599570008062,0.17456588236865211,0.08780329246776618,0.23539938515195485,0.01731801926803507,0.17456588236865211,0.08780329246776618,0.0007936716318871495,0.7042041818839067,0.0003173602472870353,0.19488601446355971,0.17319536698833823,0.10708099733888057,0.15046229228932353,0.12121212121212122,0.030303030303030276,0.0959886489442606,Very Stable,0.214064482120964,3,59,65,65,58,-6,-7,54,-5
42047,PA,Elk County,30506,34306.0,-46.98886492158808,0.1959864952754814,0.10789111999112003,0.21148596474301348,0.10453231444585043,0.1959864952754814,0.10789111999112003,0.00231207904741515,0.5283746060056089,0.0009280332513507402,0.1941640235232063,0.17214017970211595,0.13295012979277598,0.17699781743495668,0.10606060606060608,0.13636363636363635,0.1280818212371268,Stable,0.177591375346284,3,60,66,58,50,-6,-8,49,-11
42009,PA,Bedford County,47513,56320.0,-68.61505681818181,0.06262639402020312,0.10183994061494069,0.2571839461272763,0.15045192699124943,0.06262639402020312,0.10183994061494069,0.00043887876311921037,0.6064577594716679,0.00017466967242864406,0.1933946204276943,0.20319800707637867,0.15282893858710178,0.133222165289733,0.09090909090909094,0.18181818181818177,0.0347534242742447,Very Stable,0.160118288518124,3,61,53,55,62,8,7,66,5
42117,PA,Tioga County,40945,43174.0,-51.75337008384676,0.05212327545319379,0.05291784049284049,0.24500519632531995,0.1244204788240131,0.05212327545319379,0.05291784049284049,0.0009028874294048084,0.6671323213615034,0.0003612846502366178,0.1888239384020992,0.18902257966201086,0.1188153390337535,0.11841805651393016,0.0757575757575758,0.0757575757575758,0.091129316691975,Very Stable,0.1695635233195928,3,62,60,62,65,2,3,58,-4
42131,PA,Wyoming County,25967,30104.0,-36.81902737177784,0.07276770093392691,0.025859196359196354,0.2516698238878263,0.0942080300459101,0.07276770093392691,0.025859196359196354,0.002800189318491575,0.652042801395467,0.0011243414111399386,0.1863072815677417,0.17458015542405905,0.09939906166303228,0.12285331395039756,0.06060606060606055,0.0,0.1598615571057755,Moderate,0.202443856718412,3,63,64,67,63,-1,-4,38,-25
42115,PA,Susquehanna County,38219,44808.0,-44.728619889305484,0.11239735599939757,0.11858468782679314,0.24635070407465176,0.12785386780232458,0.11239735599939757,0.11858468782679314,0.00551595597306076,0.5141569245106927,0.00221656828274351,0.186197168568273,0.1877440015251219,0.15284348688264066,0.14974982096894285,0.045454545454545414,0.19696969696969702,0.1322198538326626,Stable,0.1880393206775033,3,64,61,54,59,3,5,45,-19
42067,PA,Juniata County,23379,24208.0,-61.39292795769994,0.06946751861876414,0.045164196914196895,0.2633918549581823,0.07841733201787791,0.06946751861876414,0.045164196914196895,4.571492094318508e-06,0.6583276835091388,0.0,0.18511013683734845,0.17903430641120663,0.1080343952011135,0.12018605605339713,0.030303030303030276,0.045454545454545414,0.0348381942511156,Very Stable,0.2365849884757657,3,65,63,64,64,2,0,65,0
42105,PA,Potter County,16188,18170.0,-62.28948816730875,0.07069983295850518,0.0744716979099332,0.26257036815177975,0.060090704371942076,0.07069983295850518,0.0744716979099332,0.0010438869885072144,0.6518338296036361,0.0004179918445299091,0.1798717040515775,0.18081467028943451,0.11790111708589707,0.11601518461018305,0.015151515151515138,0.06060606060606055,0.0820644949322305,Stable,0.1736871465869363,3,66,62,63,66,4,3,60,-6
42057,PA,Fulton County,14531,16354.0,-72.60609025314909,0.06806218621650233,0.05318389943389942,0.2558482948628326,0.05399737301704474,0.06806218621650233,0.05318389943389942,0.00010534541845952372,0.597730214737119,4.052925171165297e-05,0.16919830652269874,0.165478734827048,0.10405336668691904,0.1114925100782205,0.0,0.015151515151515138,0.0241405644014916,Very Stable,0.2093901557372437,3,67,67,66,67,0,1,67,0
26163,MI,Wayne County,1772259,856690.0,28.968705132545036,0.7680936415407775,0.6996016532916692,0.7716423860280652,1.0,0.7680936415407775,0.6996016532916692,0.0028177863439335926,0.3111932450981885,0.001131418581785388,0.6739745898522074,0.6568515927899303,0.7927114231528509,0.826957417277405,1.0,0.9878048780487805,0.4068202912710756,Highly Volatile,0.7874544195341214,0,1,2,2,1,-1,-1,10,9
26125,MI,Oakland County,1279825,772145.0,10.584540468435328,0.8870775534750759,0.8803290908867536,0.47871145319229913,0.9470796730513574,0.8870775534750759,0.8803290908867536,0.03798402028629999,0.6409938896395472,0.015274572457074155,0.6602507276917609,0.6585636120446803,0.796612327004291,0.7999865582984521,0.9878048780487805,1.0,0.4275858717880859,Highly Volatile,0.6996573638000524,4,2,1,1,2,1,1,8,6
26081,MI,Kent County,663150,371947.0,5.36312969320899,0.8284556788928298,0.8572728218290142,0.48943300323408667,0.64345235171609,0.8284556788928298,0.8572728218290142,0.3957085400432896,0.8141655432164828,0.15914419853584563,0.6119989761797927,0.6192032619138388,0.7118577496520513,0.6974491781839591,0.975609756097561,0.9634146341463414,0.4204191650670417,Highly Volatile,0.6367523777465004,0,3,3,4,3,0,-1,9,6
26099,MI,Macomb County,879853,509152.0,-13.686089812079691,0.7469424957538494,0.6294536648250272,0.5038711766145819,0.7605404737962453,0.7469424957538494,0.6294536648250272,0.6095098628846112,0.5051553276600195,0.24513080183948066,0.5966243027286067,0.5672520949964012,0.6308297450152205,0.6895741604796315,0.9634146341463414,0.9390243902439024,0.4491515317285461,Highly Volatile,0.6051347446132775,0,4,5,6,4,-1,-2,7,3
26049,MI,Genesee County,403305,223268.0,4.195406417399717,0.5357555364957408,0.4202924838233661,0.5916381357547982,0.4883177092528517,0.5357555364957408,0.4202924838233661,0.3544934664098094,0.4482996044320977,0.8603247971856791,0.5675058955780699,0.5386401324099761,0.4801352031635955,0.5378667294997829,0.9512195121951219,0.9024390243902439,0.5140191117681953,Volatile,0.6063381593829327,0,5,6,9,9,-1,0,3,-2
26161,MI,Washtenaw County,369822,221542.0,44.374430130629854,0.7688655937801439,0.9194182975950782,0.5562264509501679,0.4862509919787032,0.7688655937801439,0.9194182975950782,0.00026757125700793694,0.67557918778229,0.00010577322980987898,0.5372963793037662,0.5749345552574997,0.7203285095297569,0.6450521576222896,0.9390243902439024,0.975609756097561,0.2091806861905439,Volatile,0.7153401460066209,4,6,4,3,5,2,2,34,28
26065,MI,Ingham County,283913,148101.0,29.69460030654756,0.6878050043695553,0.7945199594952692,0.6362302096587085,0.3893006314166536,0.6878050043695553,0.7945199594952692,0.0014966767955459925,0.6649108377361039,0.0006000948221932109,0.5115228279310164,0.5382015667124449,0.6536426900164751,0.6002852124536182,0.926829268292683,0.9512195121951219,0.2412119035181426,Volatile,0.709439732547774,4,7,7,5,6,0,1,27,20
26089,MI,Leelanau County,22734,17685.0,7.752332485156913,0.7310784247658094,0.6843376289688983,0.18119785370891672,0.1048607273795952,0.7310784247658094,0.6843376289688983,0.08734323618167616,0.9255175460559983,1.0,0.49497394472058015,0.48328874577135233,0.4136834597565771,0.4370538576550327,0.9146341463414634,0.8170731707317074,0.5657235472702447,Highly Volatile,0.2827057288230568,1,8,9,16,17,-1,1,1,-7
26077,MI,Kalamazoo County,262375,145710.0,17.72699197035206,0.7068802273491895,0.7695904253898833,0.5053072486389509,0.38577792964752916,0.7068802273491895,0.7695904253898833,0.029770120806594802,0.7372468804669121,0.01197110685288088,0.49314359982389155,0.5088211493340651,0.6075665072665617,0.5762114082462149,0.9024390243902439,0.926829268292683,0.2631166807892624,Volatile,0.5858384158769148,0,9,8,7,7,1,0,21,12
26139,MI,Ottawa County,301203,178507.0,-20.436173371352385,0.6211906713384658,0.6307409891192396,0.33939795776462356,0.431835456387792,0.6211906713384658,0.6307409891192396,0.13682283358443703,0.879918785504856,0.05502556051048576,0.4649740646246381,0.4673616440698315,0.5081788480977236,0.5034036892073368,0.8902439024390244,0.9146341463414634,0.3124561993910673,Highly Volatile,0.4353276295982113,1,10,10,8,10,0,2,16,6
26055,MI,Grand Traverse County,96166,62772.0,-1.7268845982285086,0.7275822123954476,0.5634992296918766,0.2637527720920442,0.23762938767171757,0.7275822123954476,0.5634992296918766,0.8655707334554461,0.9001564735148835,0.31936944789850513,0.45968183321647593,0.4186610875405832,0.40709515478687874,0.48913664613866426,0.8780487804878049,0.7926829268292683,0.4839096408367646,Highly Volatile,0.2641541124806771,1,11,13,18,12,-2,-6,5,-6
26103,MI,Marquette County,67112,39009.0,8.733881924684049,0.4778786181104262,0.26168958753664634,0.3196700268872856,0.17773085880444736,0.4778786181104262,0.26168958753664634,0.0884645855342222,0.7019767120621038,0.9994137205193165,0.45649368002321733,0.40244642237977235,0.2551950151912564,0.3632895304781463,0.8658536585365854,0.3902439024390244,0.5473591660213699,Highly Volatile,0.2645880553321957,3,12,15,51,23,-3,-28,2,-10
26073,MI,Isabella County,64565,30835.0,-7.488243878709269,0.6358123402330579,0.3920251285694012,0.5421516943698779,0.15298832322535325,0.6358123402330579,0.3920251285694012,0.2702089029559267,0.4821312983337495,0.48697925780364676,0.4538769089742468,0.3929301060583326,0.3697975686835084,0.4916911745153367,0.8536585365853658,0.6951219512195121,0.4924289340840295,Volatile,0.4179516398799944,0,13,17,26,11,-4,-15,4,-9
26145,MI,Saginaw County,188665,103846.0,-3.271190031392635,0.2573151868925096,0.349765706782038,0.6158052886075319,0.31861532502451584,0.2573151868925096,0.349765706782038,0.631101299925652,0.5423921397540677,0.38537867988020963,0.413905302585424,0.43701793255780613,0.40848800679903097,0.36226274685426674,0.8414634146341463,0.8048780487804879,0.4527065624153134,Moderate,0.6403351677152206,0,14,12,17,24,2,7,6,-8
26021,MI,Berrien County,153288,84488.0,-7.873307451945848,0.2932164650791511,0.46331271881713026,0.5470172204079544,0.2829456896388051,0.2932164650791511,0.46331271881713026,0.9487967788535945,0.7435838859277467,0.295939155706887,0.4107352239858069,0.4532592874203017,0.43914708692025506,0.35409896005126545,0.8292682926829268,0.8414634146341463,0.3979381744752179,Moderate,0.5980004511108634,0,15,11,14,26,4,12,11,-4
26093,MI,Livingston County,195833,132448.0,-23.944491423049044,0.7140135525465257,0.6796041041603738,0.16224483310753496,0.3656910032980557,0.7140135525465257,0.6796041041603738,0.027670193859512193,0.7449536714242744,0.011126558358204744,0.4049973759608389,0.3963950138643009,0.47178601118158453,0.4889907353746605,0.8170731707317074,0.8902439024390244,0.2599859540668819,Volatile,0.2297430252884758,1,16,16,10,13,0,3,23,7
26085,MI,Lake County,12563,6915.0,-32.176428054953,0.7700423630463106,0.42772613053441194,0.566877964100926,0.04858522363072058,0.7700423630463106,0.42772613053441194,0.013491114140988358,0.34968932947003695,0.005424016920366245,0.39076555599328966,0.30518649786531504,0.3677288622001176,0.5388869784560669,0.8048780487804879,0.6829268292682926,0.2365168528850504,Highly Volatile,0.5237170358170812,3,17,35,27,8,-18,-19,28,11
26045,MI,Eaton County,109130,65208.0,-3.137651821862349,0.5527792453229412,0.4978892576807439,0.37674118961688585,0.2430675558433749,0.5527792453229412,0.4978892576807439,0.05003022126505585,0.6425284571034865,0.020119312850214326,0.3759779689400131,0.3622554720294638,0.40389681520543713,0.4313418090265358,0.7926829268292683,0.7682926829268293,0.2874452354519076,Volatile,0.4996425347879528,1,18,23,20,18,-5,-2,18,0
26083,MI,Keweenaw County,2133,1611.0,-12.787088764742393,0.6216467068878827,0.6294000035224494,0.2928218320176872,0.0,0.6216467068878827,0.6294000035224494,0.8894501581735488,0.7921296440433567,0.3577171731482183,0.3723479868753394,0.374286311033981,0.3879054597656465,0.38402881144836315,0.7804878048780488,0.7317073170731707,0.3803236419842707,Volatile,0.1887605927484537,3,19,21,23,21,-2,-2,12,-7
26047,MI,Emmet County,34125,22851.0,-10.76539319942234,0.5913129663886302,0.45703830320006766,0.24811153238093067,0.1253935099405741,0.5913129663886302,0.45703830320006766,0.4541960053184686,0.838661770466929,0.1826666838414415,0.36887055896608006,0.33530189316893944,0.32189541218041,0.38903274377469127,0.7682926829268293,0.5853658536585367,0.3348996303597812,Volatile,0.2807139704413071,1,20,27,35,20,-7,-15,14,-6
26037,MI,Clinton County,79626,49986.0,-8.604409234585681,0.596459220742784,0.6852466033278727,0.2857686429962647,0.207172244727151,0.596459220742784,0.6852466033278727,0.16149740725358164,0.6987487932836156,0.0649491790811235,0.3678122736621423,0.39000911930841453,0.4658585235947903,0.42146483230224596,0.7560975609756098,0.8780487804878049,0.3061546340996326,Volatile,0.3448453367364455,1,21,18,11,19,3,8,17,-4
26013,MI,Baraga County,8191,4332.0,-29.801477377654663,0.6639259623584643,0.37431452710516167,0.4951076524926484,0.029003340124478704,0.6639259623584643,0.37431452710516167,0.0005035595407280047,0.5529220700502195,0.00020068298372020364,0.3661495828731403,0.29374672405981467,0.31818501170686264,0.46299072933351393,0.7439024390243902,0.5609756097560976,0.2128186973664675,Volatile,0.5599221817557051,3,22,40,37,14,-18,-23,31,9
26035,MI,Clare County,31218,17288.0,-37.5925497454882,0.6286198449854954,0.39069619906237546,0.43961822770585923,0.10316538354857314,0.6286198449854954,0.39069619906237546,0.0009340562821074094,0.4788816877276171,0.00037382013756265747,0.3527578025431294,0.2932768910623494,0.3310440023447958,0.4500058253063558,0.7317073170731707,0.6097560975609756,0.1723244510086546,Volatile,0.2178531552414346,3,23,41,33,16,-18,-17,50,27
26095,MI,Luce County,6271,2985.0,-46.93467336683417,0.6561625364747437,0.3065871112203929,0.48145175826105874,0.01637368763971718,0.6561625364747437,0.3065871112203929,0.0006199644334033971,0.45635349823889715,0.00024749869653275006,0.34557212021080863,0.258178263897221,0.27774991708539043,0.45253762971256584,0.7195121951219512,0.46341463414634143,0.1417657092771916,Volatile,0.5093889730018041,3,24,47,45,15,-23,-30,72,48
26097,MI,Mackinac County,10957,7238.0,-24.88256424426637,0.34769372847506075,0.41711812335411425,0.4750095519624678,0.05075359308769374,0.34769372847506075,0.41711812335411425,0.9306203911901807,0.6811072568084932,0.301056280663438,0.34113466056529695,0.3584907592850603,0.3399998479395975,0.3052876505000708,0.7073170731707317,0.6219512195121951,0.3244107471708277,Moderate,0.5478682932784882,3,25,24,32,32,1,0,15,-10
26061,MI,Houghton County,37693,19374.0,-17.033137194177762,0.36162806217178545,0.5842967774056009,0.37674536226482735,0.11186918391229198,0.36162806217178545,0.5842967774056009,0.9860351608965656,0.5729307423477064,0.2854555845142886,0.3198589429449756,0.3755261217534294,0.41430202524708026,0.3029676676301726,0.6951219512195121,0.8292682926829268,0.3441752725461928,Moderate,0.2822404662538389,0,26,20,15,34,6,19,13,-13
26121,MI,Muskegon County,175961,95181.0,-1.7913238986772555,0.16288932079971555,0.37769865428688915,0.5158883508748573,0.30310066469470853,0.16288932079971555,0.37769865428688915,0.053862598790833216,0.5399158653521653,0.02166061821558552,0.3156666445382892,0.3693689779100826,0.39359658103583606,0.2861919142922492,0.6829268292682926,0.7439024390243902,0.2599867814706225,Stable,0.5496885282608998,0,27,22,22,37,5,15,22,-5
26025,MI,Calhoun County,133778,68505.0,-14.039851105758691,0.14623464457823152,0.4063644955148053,0.5204738566417324,0.2502685403327685,0.14623464457823152,0.4063644955148053,0.2883859527742443,0.5647827325264565,0.11598120677142051,0.31433975280041776,0.3793722155345612,0.39586784700102784,0.265802921532741,0.6707317073170731,0.7560975609756098,0.266251276965686,Moderate,0.5732687713521405,0,28,19,21,41,9,20,20,-8
26071,MI,Iron County,11667,7027.0,-29.315497367297567,0.5573780827702484,0.4576536918963388,0.3564025642335515,0.0493427290055255,0.5573780827702484,0.4576536918963388,0.017777871666222023,0.5586041457906246,0.007148064806892666,0.31149987032702103,0.2865687726085436,0.33026316925793864,0.38012536469489344,0.6585365853658536,0.5975609756097561,0.2106141049049672,Volatile,0.2615289205161412,3,29,42,34,22,-13,-12,32,3
26111,MI,Midland County,83757,50301.0,-15.1985049999006,0.263780806669197,0.6578346545611253,0.3055852271081081,0.20796660131419817,0.263780806669197,0.6578346545611253,0.4540906120154282,0.7272802389086652,0.18262429676909342,0.30807122573259565,0.4065846877055777,0.45730528438613927,0.26027836044017505,0.6463414634146342,0.8658536585365854,0.2871066006666949,Moderate,0.3117949907880709,1,30,14,12,43,16,31,19,-11
26033,MI,Chippewa County,36295,18365.0,-24.24720936564116,0.29706840329762874,0.2659314003849608,0.4928945329397889,0.10772096640469044,0.29706840329762874,0.2659314003849608,0.01849158972006615,0.6255999060209367,0.007435107891336496,0.30355035239956113,0.29576610167139417,0.28311957502860025,0.29868807648493423,0.6341463414634146,0.47560975609756095,0.1711680384098273,Stable,0.5888739128001226,3,31,39,44,35,-8,-9,51,20
26029,MI,Charlevoix County,26108,17661.0,-16.9073098918521,0.47360133115242475,0.4586174494236409,0.22182198193461466,0.1047587819261349,0.47360133115242475,0.4586174494236409,0.045938583141087785,0.807865726595659,0.018473738072883397,0.30333795683686143,0.2995919864046654,0.31095391567700786,0.3184458565413998,0.6219512195121951,0.5365853658536586,0.2476864139999333,Volatile,0.2255412839170172,1,32,36,39,29,-4,-10,25,-7
26057,MI,Gratiot County,41385,19848.0,-31.297863764611044,0.42445141834382333,0.24229735803412272,0.42077141794939743,0.11378056874186294,0.42445141834382333,0.24229735803412272,0.003994540520145029,0.47735956262671964,0.0016046855063820947,0.2996213822754087,0.2540828671979835,0.25478667568987645,0.34586370584472675,0.6097560975609756,0.3780487804878049,0.189772661095631,Volatile,0.4210704071523807,3,33,52,52,27,-19,-25,43,10
26053,MI,Gogebic County,14319,8295.0,-17.094635322483427,0.5198030593122854,0.6120120342849446,0.3397975057224908,0.05753041179044223,0.5198030593122854,0.6120120342849446,0.023027838708032156,0.5221764032876384,0.009259496239505133,0.29571223164719757,0.31876447539036235,0.4053379965207055,0.35923350903437595,0.5975609756097561,0.7804878048780488,0.2499424976394655,Volatile,0.2565590024421438,3,34,31,19,25,3,6,24,-10
26147,MI,St. Clair County,160221,96524.0,-34.63698147610956,0.3003250782040172,0.09804289949816271,0.3230865136827867,0.3055502281188891,0.3003250782040172,0.09804289949816271,0.0050777095317490195,0.5040878096914054,0.002040314355043188,0.29550647050722934,0.2449359258307657,0.2061806351995003,0.30732172455242757,0.5853658536585367,0.1585365853658537,0.1960405664812644,Volatile,0.2925429998921119,3,35,56,70,31,-21,-39,40,5
26069,MI,Iosco County,25347,15731.0,-30.58292543385671,0.3191405926895536,0.49942589764037143,0.40856565166293546,0.09632068702876097,0.3191405926895536,0.49942589764037143,0.024317638475589765,0.601089402010614,0.009778227833305455,0.28236518657580245,0.3274365128135069,0.3759345334931098,0.2857918810177009,0.5731707317073171,0.7195121951219512,0.1637369683726606,Stable,0.2536732040689575,3,36,29,24,38,7,14,57,21
26007,MI,Alpena County,28880,17213.0,-28.635333759367924,0.31466157050334415,0.45881518726371684,0.3827512762416024,0.10284292610235117,0.31466157050334415,0.45881518726371684,0.03885150376624402,0.6334145929758564,0.015623456911441071,0.28119369944773664,0.31723210363782983,0.35080614421784684,0.27872933583766046,0.5609756097560976,0.6341463414634146,0.152494474023416,Very Stable,0.2221328753183507,3,37,32,31,40,5,9,65,28
26075,MI,Jackson County,160060,83827.0,-21.295048134849157,0.11548255533614854,0.2900129729747379,0.4240769450685136,0.28165901832706336,0.11548255533614854,0.2900129729747379,0.030661189243942788,0.584953115357785,0.012329476704013643,0.27996495369065627,0.3235975581003036,0.3214404773362632,0.23417526851696852,0.5487804878048781,0.5731707317073171,0.201699562460395,Stable,0.4486225340465412,0,38,30,36,47,8,11,39,1
26135,MI,Oscoda County,8425,5192.0,-44.33744221879815,0.3924335648101087,0.6856457885252005,0.3579299830315146,0.036047991263727944,0.3924335648101087,0.6856457885252005,0.00012696624292796166,0.6339754457472547,4.922471361035745e-05,0.27585596858394595,0.3491590245127189,0.4413173878364109,0.294711275978865,0.5365853658536586,0.8536585365853658,0.0927291883298863,Very Stable,0.2050803569841941,3,39,25,13,36,14,23,83,44
26157,MI,Tuscola County,52980,30717.0,-42.97945762932578,0.37533873968785064,0.32205217609188186,0.311722054810432,0.15260849445797103,0.37533873968785064,0.32205217609188186,0.0005371835907167499,0.47095415809004293,0.00021420590214477455,0.2688133677380869,0.2554917268390947,0.2771087253630417,0.30375200716102607,0.524390243902439,0.4390243902439024,0.1577333662457331,Volatile,0.2443156394589752,3,40,51,47,33,-11,-14,60,20
26051,MI,Gladwin County,25693,15488.0,-40.728305785123965,0.4062098285424553,0.3627226699770815,0.33734054589537343,0.09522237231775971,0.4062098285424553,0.3627226699770815,0.000858196969838354,0.4539890210175368,0.00034331104386634665,0.2664847281965725,0.25561293855522904,0.28950206454182403,0.3112456438245109,0.5121951219512195,0.5,0.1685166722422833,Volatile,0.2101297028552826,3,41,50,42,30,-9,-12,54,13
26017,MI,Bay County,103008,61338.0,-14.71355440346931,0.15453013723331935,0.4129435670538611,0.37834593010821,0.23437866632604518,0.15453013723331935,0.4129435670538611,0.06790058309222635,0.5508776501054712,0.027306413906954645,0.2640866914184469,0.3286900488735823,0.35965293263549436,0.23044621772522345,0.5,0.6585365853658536,0.2329309381568318,Moderate,0.3047200497492155,3,42,28,29,48,14,19,29,-13
26107,MI,Mecosta County,41242,22489.0,-30.04580016897149,0.22802552120778788,0.20375014832776442,0.4294778261301893,0.12403582811286776,0.22802552120778788,0.20375014832776442,0.03292141884887356,0.5311955382270657,0.013238495712088528,0.26343904810510554,0.25737020488509965,0.2402534877246465,0.2523911741646582,0.4878048780487805,0.3414634146341463,0.1741043043496202,Stable,0.2972341461817783,3,43,49,55,44,-6,-11,48,5
26131,MI,Ontonagon County,5850,3841.0,-30.35667794845093,0.5180837479770958,0.4452368086849507,0.2755975225646976,0.02466410016550686,0.5180837479770958,0.4452368086849507,0.00021274290384221128,0.4706871748025735,8.37223659949537e-05,0.26343270482289616,0.24522096999985984,0.2976838100250265,0.334107279671099,0.47560975609756095,0.524390243902439,0.1910128799023088,Volatile,0.2202263490188618,3,44,55,40,28,-11,-12,42,-2
26005,MI,Allegan County,121456,71913.0,-27.21204789120187,0.15781581656330798,0.474915012187675,0.29045194216878933,0.2575320565616436,0.15781581656330798,0.474915012187675,0.002248496364407049,0.6517333067369739,0.0009024615716803363,0.258029424862017,0.33730422376810876,0.37445350577644576,0.21590390796426223,0.46341463414634143,0.7073170731707317,0.2064269319828101,Moderate,0.36039786374399,1,45,26,25,52,19,27,35,-10
26027,MI,Cass County,51520,27871.0,-33.92415055075168,0.26080969280682675,0.06673532388663966,0.3766263566914191,0.1432159014574863,0.26080969280682675,0.06673532388663966,0.00210368355197299,0.4961693371119801,0.0008442207633889508,0.25728968247335415,0.2087710902433074,0.16332822648054618,0.2603654109406397,0.4512195121951219,0.03658536585365857,0.2046286104936229,Volatile,0.4033947224888959,3,46,79,80,42,-33,-38,37,-9
26159,MI,Van Buren County,75795,41169.0,-15.137603536641656,0.10349421070176693,0.26520698292935146,0.4459885984365128,0.18382331315571837,0.10349421070176693,0.26520698292935146,0.016473398080447232,0.5738769720292343,0.0066234316977545355,0.25588908103937313,0.2963172740962693,0.29005646936273355,0.20920008324894124,0.4390243902439024,0.5121951219512195,0.2253049548473387,Moderate,0.4653494669717132,0,47,38,41,54,9,13,30,-17
26003,MI,Alger County,8762,5258.0,-19.7984024343857,0.28749384899166813,0.32096744840127184,0.3628347337151649,0.036563593375698145,0.28749384899166813,0.32096744840127184,0.0008188640829579485,0.6448998125667811,0.000327492145760268,0.25237645710970047,0.26074485696210137,0.2603333059733517,0.24359650626854984,0.426829268292683,0.4024390243902439,0.1778574438928253,Stable,0.4470306488137029,3,48,46,50,46,2,-4,47,-1
26119,MI,Montmorency County,9516,6391.0,-45.32936942575497,0.2785532316658965,0.2302806279977333,0.3757676531444598,0.04495679572403998,0.2785532316658965,0.2302806279977333,0.0021854855128812245,0.5916277376831326,0.0008771198711615123,0.24888252732788585,0.23681437641084502,0.2203214262159916,0.2444577280500732,0.41463414634146345,0.24390243902439024,0.1091091096944628,Stable,0.214837094787912,3,49,64,63,45,-15,-18,81,32
26019,MI,Benzie County,18310,12846.0,-8.679744667600815,0.26872704467640307,0.550153800121447,0.24716660647521235,0.08267423828141557,0.26872704467640307,0.550153800121447,0.013196610550662569,0.770778952489404,0.005305573483925792,0.24665253810492396,0.3170092269661849,0.35753711124988047,0.2168237335273585,0.4024390243902439,0.6463414634146342,0.2414034404232959,Moderate,0.249252158557823,1,50,33,30,51,17,21,26,-24
26115,MI,Monroe County,155505,91356.0,-27.12793905162222,0.1372709942790361,0.41745677077480464,0.31398729184576946,0.29602774858885655,0.1372709942790361,0.41745677077480464,0.012516971880164762,0.46511219621458755,0.0050322364438492116,0.24558956276072014,0.3156360068846623,0.36123214549605887,0.22113925724817457,0.3902439024390244,0.6707317073170731,0.210074785537291,Moderate,0.3101797290317422,1,51,34,28,49,17,21,33,-18
26009,MI,Antrim County,24127,16883.0,-23.75762601433395,0.23623921909494616,0.4595262324277027,0.23738795006630106,0.10141569585563394,0.23623921909494616,0.4595262324277027,0.003522878931450757,0.7735932001699805,0.0014149926766950183,0.24063674036005472,0.2964584936932439,0.3144640276943351,0.20282052102795683,0.3780487804878049,0.5487804878048781,0.2048720895751746,Moderate,0.2177319574534902,3,52,37,38,56,15,18,36,-16
26149,MI,St. Joseph County,60969,29307.0,-33.95434537823728,0.15793926494089192,0.1575343364152188,0.3759161113749384,0.14801214183119063,0.15793926494089192,0.1575343364152188,0.000317920586971443,0.5487331738777008,0.0001260227203399925,0.23907427911151033,0.23897304698009203,0.20974923150914165,0.2099516957719782,0.36585365853658536,0.2195121951219512,0.1487607268734657,Stable,0.3874050219765381,0,53,62,65,53,-9,-12,68,15
26011,MI,Arenac County,15077,9158.0,-40.58746451190216,0.39322208311134543,0.24437585127291014,0.2850966623034053,0.06274878741708444,0.39322208311134543,0.24437585127291014,0.00013881723256037315,0.4117472835301809,5.399094391586583e-05,0.23674204251722092,0.19953048455761208,0.2091492880665775,0.28357240398579514,0.35365853658536583,0.20731707317073167,0.1848037100361394,Volatile,0.2065402425454727,3,54,81,66,39,-27,-27,46,-8
26067,MI,Ionia County,66574,34021.0,-31.865612415860795,0.14006567584770846,0.23188704619941458,0.3350549549251247,0.1629820747252665,0.14006567584770846,0.23188704619941458,0.002261598762159034,0.6014344641732136,0.0009077310932289183,0.2348184507828302,0.25777379337075673,0.2404527805123051,0.19454209533645203,0.3414634146341463,0.35365853658536583,0.1437660561492974,Very Stable,0.3724016159792093,1,55,48,54,57,7,3,70,15
26153,MI,Schoolcraft County,8128,4898.0,-31.951817068191083,0.23793435673137647,0.372149171906525,0.37268343803682336,0.033710367660278726,0.23793435673137647,0.372149171906525,0.012250928362624758,0.5746451360649483,0.004925239077788975,0.2335283374999618,0.26708204129374896,0.287673037377538,0.22056562978996375,0.3292682926829268,0.4878048780487805,0.1519528376534778,Stable,0.3715766204002411,3,56,44,43,50,12,7,66,10
26105,MI,Mason County,29207,18064.0,-21.351860053144375,0.1503079299769265,0.3059409146409144,0.3415001158395995,0.1064615385078984,0.1503079299769265,0.3059409146409144,0.005169094946430031,0.6347212658546011,0.0020770677356840798,0.22916718777989173,0.2680754339458887,0.26496087090733167,0.18714437857533772,0.31707317073170727,0.426829268292683,0.1911449459525765,Stable,0.2819215738643427,3,57,43,48,59,14,11,41,-16
26117,MI,Montcalm County,67816,34845.0,-38.96685320705983,0.11341448845657272,0.18955640078875374,0.3562587331939399,0.16548968064786607,0.11341448845657272,0.18955640078875374,0.00017770363646441023,0.5237520518302442,6.963027552507211e-05,0.22426843583781586,0.2433039139208611,0.22521530385482838,0.18714434768873786,0.30487804878048785,0.2804878048780488,0.1582732686834204,Moderate,0.3390785497595958,3,58,59,60,60,-1,0,59,1
26091,MI,Lenawee County,98415,55016.0,-23.040570015995343,0.04860229664100337,0.14116066331329497,0.348032376872582,0.21957221416569883,0.04860229664100337,0.14116066331329497,0.0034862509333586367,0.5534986810515561,0.0014002616306008936,0.22341408975509064,0.24655368142316353,0.21248147941621767,0.16620229608007187,0.29268292682926833,0.23170731707317072,0.2019175802650724,Moderate,0.3670816538012217,1,59,54,64,70,5,6,38,-21
26143,MI,Roscommon County,23737,16068.0,-32.93502613890964,0.1864047985540889,0.1880024599583424,0.34505452595947395,0.09782991900730838,0.1864047985540889,0.1880024599583424,0.0007583401544913881,0.5273626003765082,0.0003031506358094732,0.22328052975675752,0.22367994510782088,0.20472234122086677,0.20392351051874003,0.2804878048780488,0.13414634146341464,0.1558630387623241,Stable,0.2141349186630493,3,60,70,72,55,-10,-17,62,2
26087,MI,Lapeer County,88837,55439.0,-39.79148253034868,0.1213708206008723,0.21976569933334653,0.27116568116898676,0.22058863885426153,0.1213708206008723,0.21976569933334653,8.153601508587016e-05,0.5571670784824304,3.0953587278999065e-05,0.2229310391647438,0.24752975884786235,0.2328214296724853,0.1836239903062482,0.2682926829268293,0.30487804878048785,0.1703301634292743,Moderate,0.2729480134963373,1,61,53,58,61,8,3,53,-8
26101,MI,Manistee County,25350,15297.0,-15.944302804471455,0.1177307057103915,0.08677783491018781,0.3538539161618719,0.09435302641863767,0.1177307057103915,0.08677783491018781,0.006176272413161765,0.6239993406434055,0.0024821343093483724,0.2197945964418195,0.21205637874176858,0.15544065310022132,0.17091708850032314,0.25609756097560976,0.024390243902439046,0.1706603882936046,Very Stable,0.3385184309331943,3,62,78,81,69,-16,-12,52,-10
26141,MI,Presque Isle County,13209,8742.0,-28.963623884694584,0.2086675300131913,0.38548018288900626,0.2786991325460494,0.060265523525567896,0.2086675300131913,0.38548018288900626,0.0024462149380911624,0.6534689324764521,0.000981980015884546,0.21871441058274424,0.26291757380169795,0.27748125546240743,0.18907492902449996,0.24390243902439024,0.4512195121951219,0.122887777461233,Very Stable,0.1756793283789721,3,63,45,46,58,18,12,76,13
26127,MI,Oceana County,26915,14870.0,-30.00672494956288,0.09479807905209747,0.11771930455165759,0.40223685360841616,0.09238966875295633,0.09479807905209747,0.11771930455165759,0.0008677163182497782,0.5593904839150782,0.0003471395348442423,0.21732335328460778,0.2230536596594978,0.18251628286617191,0.17105567011639186,0.23170731707317072,0.08536585365853655,0.1533874984324148,Stable,0.4006681422753998,3,64,71,76,68,-7,-8,63,-1
26165,MI,Wexford County,34077,19476.0,-34.62723351817621,0.07047589462412412,0.14958792988057695,0.33984388258495435,0.11228245190061945,0.07047589462412412,0.14958792988057695,0.0026455003720542436,0.6817261992584692,0.001062128619862488,0.21599909826221592,0.23577710707632915,0.18782554856168193,0.14826953093345552,0.2195121951219512,0.09756097560975607,0.13413462571214,Very Stable,0.2628502569650568,3,65,65,75,75,0,0,73,8
26023,MI,Branch County,45300,21089.0,-42.37754279482195,0.09100547308094703,0.14942504586916366,0.40807785102607824,0.11867937668270948,0.09100547308094703,0.14942504586916366,0.0018973890534658144,0.491162836901737,0.0007612532542495143,0.21593118646693202,0.23053607966398618,0.20640182986177877,0.17719204346767045,0.20731707317073167,0.1707317073170732,0.144207220306643,Moderate,0.3381373096820701,3,66,67,69,64,-1,-5,69,3
26151,MI,Sanilac County,40462,23339.0,-47.658425810874505,0.12119409940856082,0.18508809797873269,0.33456205676459555,0.12720684739696245,0.12119409940856082,0.18508809797873269,0.001832159931186239,0.5481597209148692,0.0007350194097308675,0.21435259343310473,0.2303260930756477,0.20798627502975586,0.17603927574466993,0.19512195121951215,0.19512195121951215,0.1115139787050192,Stable,0.2232596559232501,3,67,68,67,66,-1,-1,80,13
26133,MI,Osceola County,23227,13184.0,-47.88379854368932,0.12642525365977983,0.2463902197475727,0.3527451197221711,0.0843473136363914,0.12642525365977983,0.2463902197475727,0.0003110329012051549,0.5348143510414181,0.00012325263128821484,0.20774662221367388,0.23773786373562208,0.23246821821342697,0.17248573516953053,0.18292682926829273,0.29268292682926833,0.1211083746250523,Stable,0.2441372853714958,3,68,63,59,67,5,8,77,9
26031,MI,Cheboygan County,25865,16423.0,-31.11489983559641,0.0833881503148691,0.12928734386528506,0.3211677963042992,0.09940274264260177,0.0833881503148691,0.12928734386528506,0.0008918652101111979,0.6492933720095173,0.0003568517347367083,0.2071959502834743,0.21867074867107827,0.16978630666936778,0.1468367098941598,0.1707317073170732,0.060975609756097615,0.1558934555297514,Stable,0.288686993216068,3,69,74,78,76,-5,-2,61,-8
26129,MI,Ogemaw County,20885,12622.0,-41.9980985580732,0.13417322457404474,0.1889868120441649,0.36058661260009944,0.08155330044372323,0.13417322457404474,0.1889868120441649,0.0003336312997678226,0.503463501492971,0.0001323412538779913,0.207027764747823,0.22073116161535303,0.2050283842830381,0.17762159054797805,0.1585365853658537,0.14634146341463417,0.152691103773363,Moderate,0.2233664891879993,3,70,73,71,63,-3,-8,64,-6
26123,MI,Newaygo County,50792,29201.0,-42.80332865312832,0.05423205344743844,0.10508029973122855,0.3464785627386381,0.14766217639913773,0.05423205344743844,0.10508029973122855,6.795102422230137e-05,0.5411426624624995,2.5489976461507598e-05,0.2047392172011737,0.21745127877212123,0.17607533465005823,0.15065121150816316,0.14634146341463417,0.07317073170731703,0.1275559597248436,Stable,0.3106717688997474,3,71,75,77,73,-4,-4,74,3
26043,MI,Dickinson County,25954,15312.0,-36.31792058516197,0.17864628538543356,0.3189619907869907,0.25396933470646416,0.09442149533164805,0.17864628538543356,0.3189619907869907,0.00449754996802243,0.5789771218581569,0.0018069858162109312,0.20435729231518243,0.23943621866557172,0.24657870290302342,0.17642085020224485,0.13414634146341464,0.36585365853658536,0.1650817810790229,Moderate,0.2147994692753087,3,72,61,53,65,11,12,56,-16
26001,MI,Alcona County,10397,7483.0,-41.65441667780303,0.18939573820807967,0.3583460379489792,0.2870423242005114,0.05236623966087195,0.18939573820807967,0.3583460379489792,0.004584597936781787,0.5528820246748478,0.001841994763109061,0.20154157794711036,0.24377915288233523,0.26402515993983544,0.17955001006938567,0.12195121951219512,0.41463414634146345,0.1498785778995157,Moderate,0.2099574628890846,3,73,58,49,62,15,13,67,-6
26039,MI,Crawford County,13369,8476.0,-33.754129306276546,0.1316267881504953,0.1992331144002196,0.32189203557500495,0.0586465864296822,0.1316267881504953,0.1992331144002196,0.005823853720321348,0.576407804779921,0.0023403985804233297,0.20038487795883866,0.21728645952126974,0.1947512127012816,0.16094804957641945,0.1097560975609756,0.1097560975609756,0.1739701283918857,Moderate,0.2407392963406474,3,74,76,74,71,-2,-3,49,-25
26155,MI,Shiawassee County,67991,40685.0,-23.0625537667445,0.06271950174597625,0.2307299902711667,0.28873981321888964,0.18247231723423285,0.06271950174597625,0.2307299902711667,0.0035977041731828363,0.521483896504975,0.0014450858879642638,0.1988490308488921,0.24085165298018968,0.23316802774886397,0.14916278348626874,0.09756097560975607,0.31707317073170727,0.1892939063320062,Stable,0.2126377021536107,3,75,60,57,74,15,17,44,-31
26137,MI,Otsego County,25584,15971.0,-35.32026798572413,0.12056687203209208,0.2810258297258296,0.22505435064379634,0.09739714667553181,0.12056687203209208,0.2810258297258296,0.0030495163052559615,0.6767623909114122,0.0012246157238471266,0.19550296816726248,0.23561770759069686,0.22112578919274684,0.14089631034587807,0.08536585365853655,0.25609756097560976,0.1606567603603312,Moderate,0.2157298772275606,3,76,66,62,77,10,15,58,-18
26079,MI,Kalkaska County,18239,11529.0,-42.87449041547403,0.10654965752865571,0.2174995333699668,0.2693992409599778,0.07593518563513478,0.10654965752865571,0.2174995333699668,0.00026778409382555157,0.6417982855118325,0.00010585882850868287,0.19320903907348475,0.2209465080338125,0.19508337333376155,0.139608435413106,0.07317073170731703,0.12195121951219512,0.1174473861684865,Stable,0.2267005164232251,3,77,72,73,78,5,5,78,1
26041,MI,Delta County,36813,21874.0,-30.38767486513669,0.09345503087085529,0.22427101411660227,0.3196778440791169,0.12170397157685467,0.09345503087085529,0.22427101411660227,0.0006757723339337884,0.4750640238509094,0.00026994351464866854,0.19312595755240147,0.22582995336383824,0.22248096097229403,0.15707296934942053,0.060975609756097615,0.2682926829268293,0.1863717269794909,Moderate,0.2560928921453529,3,78,69,61,72,9,11,45,-33
26015,MI,Barry County,63409,38625.0,-34.32750809061489,0.06656980838127556,0.27137620418796893,0.22966844682331386,0.17663024918892528,0.06656980838127556,0.27137620418796893,0.0006193123846336412,0.5962246638750479,0.00024723645559729515,0.1927761136397093,0.24397771259138265,0.23726277609704424,0.13485957819369757,0.04878048780487809,0.3292682926829268,0.1433453985050514,Very Stable,0.2297798176199818,1,79,57,56,79,22,23,71,-8
26063,MI,Huron County,31113,18969.0,-40.603089250883016,0.057819790350825385,0.13264104000574592,0.29019510956589556,0.1102174321945268,0.057819790350825385,0.13264104000574592,0.0021003705865596523,0.5812136027744719,0.0008428883551560415,0.18731514441901542,0.20602045683274556,0.16642365544297855,0.12901303061551828,0.03658536585365857,0.04878048780487809,0.1172747784304986,Very Stable,0.2016195472473296,3,80,80,79,80,0,1,79,-1
26059,MI,Hillsdale County,45654,24828.0,-51.37747704204929,0.029196077430366882,0.08436498158704044,0.31989710715963465,0.1326255900673864,0.029196077430366882,0.08436498158704044,0.0015305049450500263,0.48836270109632435,0.0006136998253487457,0.18155174377955613,0.1953439698187245,0.15531316510027549,0.1277287130219387,0.024390243902439046,0.012195121951219523,0.1246227480710434,Moderate,0.2241537938835927,3,81,82,82,81,-1,-1,75,-6
26109,MI,Menominee County,23247,13060.0,-33.62174578866768,0.05443049540616311,0.22150300287947342,0.30386822399176816,0.08373604147950812,0.05443049540616311,0.22150300287947342,0.0050814249768560416,0.4997430387638584,0.00204180863253533,0.17323179614390907,0.21499992301223664,0.20765256780755578,0.12411631407090062,0.012195121951219523,0.18292682926829273,0.1657339950056074,Moderate,0.2405761861256123,3,82,77,68,82,5,14,55,-27
26113,MI,Missaukee County,15207,9152.0,-55.95498251748252,0.07141928193099106,0.11845183179393705,0.2738369679778211,0.06271337677384405,0.07141928193099106,0.11845183179393705,0.0005581496367750294,0.5281752314123569,0.00022263802530142205,0.16804214035037135,0.17980027781610783,0.1433635020848848,0.11984722715341181,0.0,0.0,0.0943667523447387,Stable,0.2505307866414551,3,83,83,83,83,0,0,82,-1
37183,NC,Wake County,1178653,653580.0,25.43667186878423,0.8505025914230241,0.6095648622619206,0.5353572755671954,1.0,0.8505025914230241,0.6095648622619206,0.0014634712195520372,0.7423538661555557,0.000586740205615139,0.6893325425427013,0.6290981102524253,0.6886217500227592,0.8090906146033109,1.0,0.98989898989899,0.3296637839036084,Volatile,0.8262164655462205,4,1,1,2,1,0,-1,25,24
37119,NC,Mecklenburg County,1154681,577505.0,32.67227123574688,0.7379779763322329,0.4740074244554892,0.6339672940875154,0.9367204407592354,0.7379779763322329,0.4740074244554892,0.0005466675830712031,0.6764553828751697,0.00021802017362584924,0.6617506031758453,0.5957579652066595,0.6296756459394324,0.7616609218778042,0.98989898989899,0.8686868686868687,0.309542274147746,Volatile,0.8824457565908255,4,2,2,14,2,0,-12,33,31
37025,NC,Cabarrus County,236133,120202.0,-7.697043310427453,0.874591624139534,0.5108704115457988,0.5512888423123917,0.39761843983776685,0.874591624139534,0.5108704115457988,0.2687815967628313,0.9323834570044196,0.4873810815475378,0.6333452938914178,0.542414990742984,0.49266202631043904,0.6745226326073066,0.9797979797979798,0.6666666666666667,0.5703638885942164,Highly Volatile,0.8015914873769268,1,3,4,34,6,-1,-28,1,-2
37081,NC,Guilford County,547940,285053.0,21.76472445475052,0.5019108883290772,0.4884209125240088,0.6826371969090165,0.6418395877518143,0.5019108883290772,0.4884209125240088,0.0011704382332891061,0.6660720008471813,0.0004688882166291127,0.5399145293804533,0.5365420354291862,0.5753296524272121,0.5820746403297463,0.9696969696969697,0.7777777777777778,0.2444834947886655,Moderate,0.8391375458741316,0,4,5,23,32,-1,9,52,48
37165,NC,Scotland County,33590,14626.0,-6.926022152331463,0.8829323408617531,0.7544620764856058,0.8258371182812201,0.10309027910759493,0.8829323408617531,0.7544620764856058,0.5225248997173548,0.2564759598079773,0.41594575500464015,0.5370176489142192,0.5049000828201824,0.6094628875900067,0.6736980197780803,0.9595959595959596,0.8484848484848485,0.5605576150244359,Highly Volatile,0.8083918753098142,2,5,9,16,8,-4,-8,2,-3
37021,NC,Buncombe County,274360,160510.0,24.700018690424272,0.7475470210903645,0.39682377877540415,0.4224305571057273,0.4679818278761623,0.7475470210903645,0.39682377877540415,0.14822804542568235,0.9356906908119654,0.059612507930427217,0.5339027513608626,0.4462219407821225,0.4210149856331745,0.5963766067906546,0.9494949494949495,0.5454545454545454,0.3106330559176604,Highly Volatile,0.4598401687854813,0,6,27,46,26,-21,-20,32,26
37107,NC,Lenoir County,54919,27503.0,-6.777442460822456,0.6795366918255464,0.9184820573217627,0.7514999150779327,0.1616691957262035,0.6795366918255464,0.9184820573217627,0.12921962206573245,0.5261689750371888,0.5266714002254091,0.5297814975652455,0.5895178389392994,0.6875333063619153,0.5680606236138073,0.9393939393939394,0.9797979797979798,0.476622427197786,Stable,0.7362983469229851,2,7,3,3,33,4,30,4,-3
37071,NC,Gaston County,234881,119256.0,-24.959750452807405,0.6289302951769365,0.283337631563483,0.578058442013863,0.39583509547313306,0.6289302951769365,0.283337631563483,0.4600450238617442,0.8440545789678264,0.18501904177128234,0.5293401607583718,0.4429419948550084,0.38514220015349054,0.5579385319602173,0.9292929292929293,0.43434343434343436,0.2968320770055158,Volatile,0.667725855390432,0,8,32,57,34,-24,-23,37,29
37063,NC,Durham County,332353,180912.0,61.68579198726452,0.6196229674522244,0.454575572973638,0.6407425495265744,0.5002057948509444,0.6196229674522244,0.454575572973638,3.472768207357646e-05,0.6845008999322734,1.2128214692304355e-05,0.5257069564758065,0.4844451078561599,0.5125248725811987,0.5950485698204919,0.9191919191919192,0.7171717171717171,0.1021451123254898,Stable,0.8756256095291666,4,9,13,29,27,-4,-2,86,77
37101,NC,Johnston County,234263,124678.0,-21.46489356582557,0.7137005651912426,0.4867097353626767,0.5077395252351944,0.4059627312818208,0.7137005651912426,0.4867097353626767,0.11151477282423883,0.8873543681659606,0.044847166139247246,0.5233758972152154,0.4666281897580739,0.47178043181059215,0.5852758467248751,0.9090909090909091,0.6161616161616161,0.2864299007628021,Highly Volatile,0.6972009825119965,1,10,19,39,31,-9,-8,39,29
37179,NC,Union County,250958,139355.0,-25.1896236231208,0.8356985774631285,0.5701572227566033,0.4396702393690334,0.43232204114580114,0.8356985774631285,0.5701572227566033,0.04223384491705384,0.7465684290699878,0.016983766674295506,0.5223667389625262,0.4559814002858949,0.5030766815070102,0.6358473588602729,0.898989898989899,0.7070707070707071,0.2492663205901964,Volatile,0.6921149009749805,1,11,26,30,17,-15,-13,50,39
37153,NC,Richmond County,42344,19873.0,-20.852412821416,0.9251205128205128,0.886786866934235,0.7750233336831308,0.12922588075874425,0.9251205128205128,0.886786866934235,0.40693063515302064,0.3097023248249588,0.1636575000795983,0.5165124099286665,0.506928998457097,0.6694557370775862,0.6886225600207252,0.8888888888888888,0.9595959595959596,0.3438689530695934,Highly Volatile,0.724651852244413,2,12,8,5,3,4,-2,23,11
37129,NC,New Hanover County,235229,138734.0,0.6234953219830714,0.7693996492070018,0.4826254475830325,0.5023418380805758,0.43123572090594087,0.7693996492070018,0.4826254475830325,0.006321824764943917,0.7189224366035679,0.00254067254553083,0.515927190692017,0.4442336402860247,0.47470711353814543,0.61809421435013,0.8787878787878788,0.6262626262626263,0.3139480101214756,Volatile,0.5650505132405951,0,13,29,38,21,-16,-17,29,16
37083,NC,Halifax County,47675,23965.0,17.675777175046946,0.9181628598525663,0.9535564502490973,0.7343161536329742,0.14727444753643212,0.9181628598525663,0.9535564502490973,0.13561580119840633,0.3986152054445923,0.05454011629726496,0.5065827804732252,0.5154311780723582,0.6971758754169002,0.6794790802186348,0.8686868686868687,1.0,0.2865823629158986,Highly Volatile,0.7153274199795585,2,14,7,1,4,7,3,38,24
37015,NC,Bertie County,17170,9186.0,15.665142608316998,0.8722171513553227,0.8343904789654792,0.5805275784387846,0.07035249057822218,0.8722171513553227,0.8343904789654792,0.7723665574570696,0.3518139856002929,0.6418465698121485,0.5049818745196375,0.4955252064221767,0.5799152567369913,0.598828592931913,0.8585858585858586,0.797979797979798,0.4399072776481281,Highly Volatile,0.6251803557859952,2,15,10,21,25,5,4,8,-7
37067,NC,Forsyth County,389977,204726.0,13.116555786758887,0.47317995694237097,0.38411265812790574,0.6584848011456462,0.5355980025840952,0.47317995694237097,0.38411265812790574,0.012015519828095123,0.6947316479827642,0.004830562487373642,0.5042609664767952,0.481994141773179,0.4905770299963882,0.5351106794036208,0.8484848484848485,0.6565656565656566,0.2508676053129077,Stable,0.7831142916881577,0,16,14,35,39,2,4,49,33
37017,NC,Bladen County,29566,16764.0,-20.37103316630876,0.9334538759486125,0.8980098218774689,0.7228988506626219,0.11422866420747718,0.9334538759486125,0.8980098218774689,0.41637468946144685,0.3014457402304026,0.1674557092796383,0.501258028893433,0.4923970153756471,0.6582867896562592,0.676008816691831,0.8383838383838383,0.9494949494949495,0.3457447885577303,Highly Volatile,0.7114444197836883,2,17,11,6,5,6,-1,22,5
37187,NC,Washington County,10812,5944.0,6.224764468371475,0.9457187617937617,0.9609299976167623,0.7187767157658168,0.045896343411846584,0.9457187617937617,0.9609299976167623,0.1568490937037359,0.39376191146438116,0.06307972061412362,0.4847031592526694,0.4885059682084195,0.6716332636027971,0.6640276456912967,0.8282828282828283,0.9696969696969697,0.3194324488021893,Highly Volatile,0.6567348673964677,2,18,12,4,9,6,5,26,8
37117,NC,Martin County,21644,12040.0,-10.307308970099667,0.9324543928293932,0.9196697906668493,0.6692553923370164,0.08846447186104774,0.9324543928293932,0.9196697906668493,0.35756725613533336,0.34783212457209894,0.143804539242349,0.4839981472336703,0.4808019966930343,0.6492648613829407,0.6556571624642127,0.8181818181818181,0.9393939393939394,0.3485843328832948,Highly Volatile,0.6780072169277325,2,19,15,7,12,4,5,21,2
37037,NC,Chatham County,80151,52301.0,12.441444714250204,0.5062979740648064,0.6543466548587294,0.43956103724393786,0.2436674637476841,0.5062979740648064,0.6543466548587294,0.5337400115932726,0.7200971182175745,0.7666086228410539,0.4832198363964356,0.5202320065949164,0.4979804526772702,0.42395611228030866,0.8080808080808081,0.6868686868686869,0.3948371423871845,Very Stable,0.6349071105901171,1,20,6,32,54,14,22,14,-6
37065,NC,Edgecombe County,48736,24448.0,22.68079188481675,0.9006772764816886,0.8432449134199136,0.6840272084689885,0.14929946812072045,0.9006772764816886,0.8432449134199136,0.04265186936394527,0.3779664665302803,0.017151887721482618,0.4828907825493198,0.468532691783876,0.629954125857384,0.6586703073882716,0.797979797979798,0.8787878787878788,0.2662444749695931,Highly Volatile,0.6695442213805073,2,21,17,13,10,4,-3,44,23
37185,NC,Warren County,18795,10013.0,18.93538400079897,0.9254567293817295,0.8970349588749743,0.6968498109282825,0.0758596152520523,0.9254567293817295,0.8970349588749743,0.43463733027299556,0.24475625944896418,0.17480057707498342,0.47698614345600954,0.46988070082932076,0.6416948359825708,0.6559057212359485,0.7878787878787878,0.9292929292929293,0.3825521961376349,Highly Volatile,0.7312284905434745,2,22,16,8,11,6,3,17,-5
37163,NC,Sampson County,59470,28201.0,-29.71880429771993,0.8496713548749151,0.7778266566766568,0.725735934836137,0.1643974111592969,0.8496713548749151,0.7778266566766568,0.17908669308969305,0.24580502473626697,0.07202323701249774,0.47467970793618286,0.45671853338661833,0.6114466648371869,0.647369013936316,0.7777777777777778,0.8585858585858586,0.3186839510685102,Highly Volatile,0.7693803442270921,2,23,24,15,15,-1,0,27,4
37155,NC,Robeson County,116902,46770.0,-27.622407526192013,0.8169865627062995,0.6774396546006455,0.836339069024753,0.227450942630769,0.8169865627062995,0.6774396546006455,0.041488161208231955,0.0,0.01668386764463407,0.4722796270460346,0.43739290001962106,0.6046673302142032,0.6744407842670302,0.7676767676767677,0.8282828282828283,0.4372910093984331,Highly Volatile,0.7633580739243464,2,24,36,18,7,-12,-11,9,-15
37047,NC,Columbus County,50140,26402.0,-33.876221498371336,0.9049210907767543,0.8569449197860965,0.6514080015591934,0.1572944446179155,0.9049210907767543,0.8569449197860965,0.070824873017585,0.2943054785337953,0.028482504655201545,0.4687543821370904,0.45676033938942595,0.6306480714373255,0.6546361569326544,0.7575757575757576,0.8888888888888888,0.2747864949592363,Highly Volatile,0.6925342125147126,2,25,23,12,13,2,1,42,17
37041,NC,Chowan County,13836,7552.0,-22.40466101694914,0.8432391552581562,0.6528540401294912,0.615367570387418,0.058687688001786045,0.8432391552581562,0.6528540401294912,0.8722974136787884,0.3578963564209807,0.3508186833875436,0.4679129833879056,0.4203167046057394,0.49494083466204664,0.5901333922263791,0.7474747474747474,0.6767676767676767,0.3652350148657928,Highly Volatile,0.6197062656975048,2,26,44,33,29,-18,-4,18,-8
37181,NC,Vance County,42322,20092.0,13.328688035038816,0.7847759359147904,0.6495321242483008,0.7176466972329081,0.13023644456987385,0.7847759359147904,0.6495321242483008,0.35867693583689664,0.3105372559926751,0.14425083015872106,0.46501328019831756,0.43120232728169516,0.5367368475748459,0.6043587534080908,0.7373737373737373,0.7575757575757576,0.3588878678090493,Highly Volatile,0.7489842470929162,2,27,40,25,24,-13,-1,19,-8
37091,NC,Hertford County,19908,9843.0,26.71949608859088,0.8943721767654429,0.8685204196989796,0.7286137793935333,0.07474669274798984,0.8943721767654429,0.8685204196989796,0.03899944065132721,0.29577702300248,0.015682954159084696,0.46336565937193713,0.4569027201053213,0.6351003278848706,0.6480262064181023,0.7272727272727273,0.9090909090909091,0.275713772354329,Highly Volatile,0.7074373677776608,2,28,22,10,14,6,4,41,13
37061,NC,Duplin County,49335,22898.0,-28.910821905843303,0.827716289778262,0.7524994127819202,0.6995350058737081,0.14272733786168268,0.827716289778262,0.7524994127819202,0.05521169430077244,0.31865060194363115,0.02220319736753002,0.4601013832923083,0.44129716404322294,0.5868152923248078,0.6244237308229786,0.7171717171717171,0.8181818181818181,0.2650097327494576,Highly Volatile,0.7672033598580322,2,29,33,19,18,-4,-1,45,16
37007,NC,Anson County,22289,10875.0,-2.501149425287352,0.8919028829014126,0.8782407412504936,0.7147817095003197,0.08136273866973383,0.8919028829014126,0.8782407412504936,0.22616926047960717,0.20974499826451198,0.09095890116494969,0.4595998201965493,0.45618428478381956,0.6381564826677601,0.6449875534932197,0.7070707070707071,0.9191919191919192,0.4218901772997449,Highly Volatile,0.7303241198845701,2,30,25,9,16,5,7,10,-20
37079,NC,Greene County,20486,8450.0,-18.082840236686398,0.8456019314225506,0.7503703585630053,0.7166785990244606,0.06523884900559736,0.8456019314225506,0.7503703585630053,0.14763446091154442,0.36024647300206697,0.059373780145837086,0.45933237650664016,0.4355244832917538,0.5706645412890171,0.6182803277187898,0.696969696969697,0.7676767676767677,0.2852712538602742,Highly Volatile,0.7667154246251044,2,31,37,24,20,-6,-4,40,9
37051,NC,Cumberland County,338545,140513.0,13.373139851828654,0.4082307153647157,0.3417921165951353,0.7131090484633185,0.43434129431042057,0.4082307153647157,0.3417921165951353,0.010869137344202473,0.5389952450437424,0.004369510448187475,0.45684085897110494,0.44023120927870985,0.4577586439910024,0.4909779433757926,0.6868686868686869,0.595959595959596,0.2395209171558681,Stable,0.8309722660718769,0,32,35,41,44,-3,3,55,23
37189,NC,Watauga County,55123,33095.0,5.955582414261976,0.728924548351769,0.4204745726495725,0.5495313422059143,0.18264698379366445,0.728924548351769,0.4204745726495725,0.020590958184371955,0.7032138458880394,0.008279431775442596,0.45421237829577216,0.377099884370223,0.3932818678246809,0.5475068556757792,0.6767676767676767,0.4444444444444444,0.3043267113822077,Highly Volatile,0.3176658800600431,0,33,55,56,36,-22,-20,36,3
37013,NC,Beaufort County,44499,26572.0,-31.036429324100556,0.8046499397998891,0.6347255482563535,0.5809359878766285,0.1579758036265662,0.8046499397998891,0.6347255482563535,0.09697159852924364,0.41356032716234586,0.03899819316629946,0.4424602478668516,0.3999791499809677,0.5020907220039754,0.5870529177757432,0.6666666666666667,0.696969696969697,0.223286246189029,Volatile,0.6233668475144862,3,34,47,31,30,-13,-1,59,25
37133,NC,Onslow County,207906,81681.0,-35.8418726509225,0.6408638164480689,0.3751345483120255,0.5464566044162252,0.3181655686445109,0.6408638164480689,0.3751345483120255,0.012288669882668413,0.5177887966774759,0.004940417960075283,0.4417126492068952,0.3752803321728843,0.40372281742119676,0.5365874514892185,0.6565656565656566,0.505050505050505,0.2444438363433112,Highly Volatile,0.684562184452058,0,35,56,50,38,-21,-12,53,18
37145,NC,Person County,39542,22036.0,-23.661281539299324,0.7452622264789144,0.5697677404037311,0.5769483651424172,0.1389759012554227,0.7452622264789144,0.5697677404037311,0.33396245391936574,0.47553079740168336,0.13431116129112106,0.4415268680557891,0.3976532465369933,0.46386493680132557,0.5516121798389172,0.6464646464646464,0.6060606060606061,0.2627357044194042,Volatile,0.6276107720113847,0,36,49,40,35,-13,-5,47,11
37131,NC,Northampton County,16931,9215.0,14.476397178513295,0.8936838050838053,0.9104933246066231,0.6373236746444145,0.07054970348102511,0.8936838050838053,0.9104933246066231,0.023683345879220052,0.2997471332730928,0.009523128074624616,0.43904807847077587,0.44325045835148036,0.6322150068346715,0.6238102470732625,0.6363636363636364,0.898989898989899,0.3147830071666554,Highly Volatile,0.6268389022897435,2,37,31,11,19,6,8,28,-9
37095,NC,Hyde County,4592,2421.0,-22.05700123915738,0.8905753804846681,0.8378069364587942,0.6492725121570855,0.009506619617968197,0.8905753804846681,0.8378069364587942,0.11201611469014616,0.3545915169661147,0.04504879578105858,0.43729366715832707,0.4241015561518586,0.5835982511731606,0.6099824731860974,0.6262626262626263,0.8080808080808081,0.2642209199225319,Highly Volatile,0.6990266932763247,2,38,43,20,22,-5,2,46,8
37195,NC,Wilson County,79290,40045.0,0.3970533150205995,0.37429351464122645,0.49607031564067183,0.7146831855849388,0.20638022638668124,0.37429351464122645,0.49607031564067183,0.9913464735935669,0.49768958164440447,0.3986978272231508,0.43588765776165606,0.4663318580115174,0.47830101081324095,0.4174126103135183,0.6161616161616161,0.6363636363636364,0.4000975948912644,Moderate,0.7718960450829248,2,39,20,37,55,19,18,12,-27
37147,NC,Pitt County,177193,87130.0,5.958911970618608,0.4208898981175699,0.5542017103811222,0.6989755911391653,0.3304013279853636,0.4208898981175699,0.5542017103811222,0.007606542830035146,0.553810118574541,0.00305736038053539,0.43217513917990924,0.46550309224579733,0.5344450849716933,0.4677891788399172,0.6060606060606061,0.7474747474747474,0.2681188899388137,Moderate,0.7434314382383861,0,40,21,26,50,19,24,43,3
37089,NC,Henderson County,118484,69974.0,-14.485380284105531,0.4721786365476442,0.1892684416202992,0.4289635147770589,0.2904132431284374,0.4721786365476442,0.1892684416202992,0.1765709864064,0.9999999999999998,0.07101147024824268,0.43176528239431544,0.36103773366247915,0.2744784102865237,0.4159335077501962,0.595959595959596,0.202020202020202,0.358554372997694,Highly Volatile,0.4583346572145899,1,41,60,80,56,-19,-24,20,-21
37135,NC,Orange County,149678,87807.0,50.83649367362512,0.5279105432493203,0.5359242811368197,0.5314212470549502,0.3318944886826061,0.5279105432493203,0.5359242811368197,0.0007294608699668359,0.6592851649540684,0.00029153596687708035,0.4302536573618373,0.43225709183371214,0.4837910745027989,0.4797842055590492,0.5858585858585859,0.6464646464646464,0.084856766208244,Very Stable,0.7200505891873424,4,42,39,36,47,3,11,95,53
37077,NC,Granville County,60877,32104.0,-9.4006977323698,0.6544305448948563,0.41253671524553914,0.5791489233912965,0.179066649028745,0.6544305448948563,0.41253671524553914,0.36573116364285796,0.45585586349196394,0.14708789907814426,0.428529499649988,0.3680560422376587,0.39582225072778,0.5167691655524386,0.5757575757575757,0.48484848484848486,0.3136590696181626,Volatile,0.7157808684515622,0,43,59,52,42,-16,-10,30,-13
37097,NC,Iredell County,196544,110875.0,-32.5249154453213,0.4698120156310386,0.6237556257897591,0.45943030130637363,0.37971609083607705,0.4698120156310386,0.6237556257897591,0.20018522776865544,0.7284426501855139,0.08050864443476323,0.42835851377090695,0.46684441631058704,0.5216644109304922,0.44469260585113196,0.5656565656565656,0.7373737373737373,0.2026281473738521,Stable,0.6055594136678563,1,44,18,27,52,26,25,64,20
37177,NC,Tyrrell County,3423,1757.0,-21.457029026750146,0.8675472325919701,0.8905065027335922,0.6386252535079244,0.0,0.8675472325919701,0.8905065027335922,0.000531452412841027,0.4060512613556704,0.00021190093736756996,0.4273260168116033,0.43306583434700885,0.6049095647437772,0.5934299296729661,0.5555555555555556,0.8383838383838383,0.2328110805016397,Volatile,0.6620869643047076,2,45,38,17,28,7,11,56,11
37001,NC,Alamance County,176893,89831.0,-8.14084224822166,0.21553595120354688,0.28190493203906497,0.6133679483667768,0.3363245274240694,0.21553595120354688,0.28190493203906497,0.8158840897087185,0.7497331344627117,0.3333575278972282,0.42669343954359074,0.4432856847524702,0.378375584967244,0.345191094549485,0.5454545454545454,0.4040404040404041,0.3987654249494785,Stable,0.7452370405469153,0,46,30,60,61,16,1,13,-33
37033,NC,Caswell County,22404,12040.0,-24.518272425249165,0.8723274196533785,0.811799881542606,0.6022436669221343,0.08846447186104774,0.8723274196533785,0.811799881542606,0.03871087918466376,0.26270330188273827,0.015566900525585355,0.42554266491018056,0.41041078038248746,0.5785769754670985,0.6088407445224847,0.5353535353535354,0.7878787878787878,0.3115761817282047,Highly Volatile,0.6551628873939395,2,47,46,22,23,1,1,31,-16
37093,NC,Hoke County,53835,22767.0,5.925242675802693,0.25544191360347296,0.3491415465253699,0.6842576793664813,0.14216183095046414,0.25544191360347296,0.3491415465253699,0.5699826883561392,0.4605598335729169,0.7476597219807987,0.421492800424319,0.4449177086547933,0.3811756508419213,0.33432583438097285,0.5252525252525253,0.4242424242424242,0.44281643086661,Moderate,0.8357807624856225,0,48,28,58,64,20,6,7,-41
37139,NC,Pasquotank County,40834,20343.0,-4.856707466941941,0.611021302982502,0.45058728110554797,0.5529417716661864,0.13138792084734674,0.611021302982502,0.45058728110554797,0.6991061861039785,0.404071762879425,0.3662335391253737,0.42012591162460866,0.38001740615537016,0.3963760636811573,0.4765930746196343,0.5151515151515151,0.4949494949494949,0.4573397533093634,Volatile,0.7157888200708779,0,49,54,51,48,-5,-3,5,-44
37157,NC,Rockingham County,92131,49595.0,-35.83224115334207,0.6335605745865478,0.38104920634920614,0.5765225579280362,0.23584676737034765,0.6335605745865478,0.38104920634920614,0.02597559198943955,0.45640008109069896,0.01044502347889216,0.4198381130424318,0.3567102709830964,0.39361693449919904,0.5198726186178699,0.505050505050505,0.46464646464646464,0.1910368562167209,Volatile,0.600090174832823,2,50,61,54,41,-11,-13,67,17
37055,NC,Dare County,37875,25196.0,-18.725194475313536,0.7574131304733416,0.4438701945113708,0.25285292128648634,0.15239644843851813,0.7574131304733416,0.4438701945113708,0.910283432866893,0.6719657551226371,0.3067816623456246,0.4130090522331192,0.33462331824262653,0.3232474396869365,0.4800189076679219,0.4949494949494949,0.2828282828282829,0.3848212187621462,Volatile,0.3635830249384869,1,51,66,72,46,-15,-26,15,-36
37173,NC,Swain County,14013,7052.0,-23.652864435621098,0.7280306521001165,0.4955712412200802,0.5768846220724975,0.0548703935603788,0.7280306521001165,0.4955712412200802,0.038396987813380745,0.5500254754699687,0.0154406597125527,0.4106296838310634,0.35251483111105425,0.40572437451825916,0.5219540799582774,0.48484848484848486,0.5151515151515151,0.2305417878380345,Volatile,0.576385017966446,2,52,62,49,40,-10,-9,57,5
37127,NC,Nash County,96216,52471.0,-1.7590669131520258,0.232637006693314,0.37156406730524394,0.5883528157512259,0.2441519532291044,0.232637006693314,0.37156406730524394,0.10817187584521926,0.5822448432739021,0.5325968871515562,0.40564066022159334,0.4403724253745758,0.3939082258977046,0.3244446955917396,0.4747474747474747,0.4747474747474747,0.481120356617521,Very Stable,0.7441388003732877,0,53,34,53,65,19,12,3,-50
37191,NC,Wayne County,118652,54762.0,-16.365362842847226,0.21256838851670806,0.32221000633353597,0.6783263489959008,0.2506061700381638,0.21256838851670806,0.32221000633353597,0.3046299495151905,0.46278024631963244,0.4772888396831339,0.40288386263803894,0.430294267092246,0.3933381329252842,0.3385173240168702,0.46464646464646464,0.4545454545454546,0.4531867938471497,Moderate,0.7752479407724092,0,54,41,55,62,13,7,6,-48
37103,NC,Jones County,9302,5463.0,-25.66355482335713,0.7628851130379766,0.7190519064183152,0.5836412238994588,0.04174093369551488,0.7628851130379766,0.7190519064183152,0.030813576258644226,0.37537097457079743,0.012390763704522427,0.3955370349426526,0.3845787332877373,0.515871492607901,0.5377880959177317,0.4545454545454546,0.7272727272727273,0.240774795363008,Highly Volatile,0.6594246793183299,3,55,52,28,37,3,9,54,-1
37125,NC,Moore County,104876,61790.0,-29.423854992717278,0.35762298595978953,0.49815166255313303,0.40303517640611736,0.26960502598215763,0.35762298595978953,0.49815166255313303,0.4013179630085888,0.6076436452047062,0.4500686540220255,0.3897798344903575,0.4249120036386934,0.41723588187363525,0.34697154357696347,0.4444444444444444,0.5252525252525253,0.384119749815325,Stable,0.546925608944005,1,56,42,48,60,14,12,16,-40
37049,NC,Craven County,102612,56173.0,-20.411941680166628,0.21801135699900365,0.25539615408671146,0.571905141604575,0.2545142137104223,0.21801135699900365,0.25539615408671146,0.9300356697423474,0.6416844690258351,0.37403985177697235,0.38807321817885115,0.3974194174507781,0.33430291587210503,0.31561051732825113,0.43434343434343436,0.3232323232323232,0.3314863484668127,Moderate,0.6990499774539916,0,57,50,68,66,7,-2,24,-33
37019,NC,Brunswick County,152568,109378.0,-24.77737753478761,0.397107710797983,0.5297744401023812,0.37351541348260175,0.3767735581385181,0.397107710797983,0.5297744401023812,0.10733673002874378,0.7318109136221482,0.043166841136260854,0.3837213899495769,0.4168880722756764,0.45245946295647055,0.38612609830427147,0.4242424242424242,0.5757575757575757,0.2054975181614005,Stable,0.4651954224008046,1,58,45,43,58,13,15,63,5
37137,NC,Pamlico County,12390,7976.0,-32.00852557673018,0.7008515606347526,0.39778169608169595,0.5076731271151518,0.061826797666201645,0.7008515606347526,0.39778169608169595,0.15140288130688317,0.46029450079937284,0.0608893632362926,0.38273585435848473,0.30696838822022054,0.3412658292361863,0.4928007615127147,0.41414141414141414,0.3434343434343434,0.2068409606907314,Volatile,0.56306730121887,3,59,75,66,43,-16,-23,61,2
37175,NC,Transylvania County,33691,20780.0,-12.127045235803664,0.5511364466318441,0.18888911023616908,0.3664702763335843,0.1333758599587212,0.5511364466318441,0.18888911023616908,0.06425488898395104,0.9248862051463531,0.025840188867330666,0.3815864449827479,0.29102461088382914,0.21940608919116092,0.40052975738899843,0.4040404040404041,0.07070707070707072,0.3044499078377893,Highly Volatile,0.3412869741948489,3,60,79,93,57,-19,-36,35,-25
37099,NC,Jackson County,43771,21942.0,-9.34281287029441,0.29470735871036097,0.34223445882462905,0.5125933724637952,0.13856240815273863,0.29470735871036097,0.34223445882462905,0.6310146529250122,0.6770552119015778,0.3854030732601042,0.369273070476934,0.381154845505501,0.333906174566448,0.31014262450931396,0.3939393939393939,0.31313131313131315,0.4087715141718077,Moderate,0.4571410780716111,0,61,53,69,68,8,-1,11,-50
37123,NC,Montgomery County,26007,13206.0,-37.77828259881871,0.620045907592608,0.56601805984693,0.5956723621522392,0.09523583428401096,0.620045907592608,0.56601805984693,0.0007016531983490282,0.2928882655534692,0.0002803522791598059,0.3643846032362931,0.3508776412998736,0.45573607903252755,0.4827500029053665,0.38383838383838387,0.5858585858585859,0.2530206326390625,Highly Volatile,0.698665492330237,2,62,63,42,45,-1,3,48,-14
37141,NC,Pender County,65550,38909.0,-34.907090904418,0.5978476174794539,0.28190288176735545,0.4077883477258215,0.2026506422629452,0.5978476174794539,0.28190288176735545,0.024106134845794158,0.45315452280846413,0.009693165316054284,0.35992761288262,0.28094142895459534,0.2935611883808694,0.45153355623691865,0.3737373737373737,0.24242424242424243,0.1841192654244146,Volatile,0.5650013146950544,1,63,82,76,51,-19,-25,69,6
37045,NC,Cleveland County,100991,51706.0,-34.910842068618734,0.3161227640715484,0.4788491608065139,0.5833706800974291,0.24196551936785662,0.3161227640715484,0.4788491608065139,0.14780067018774123,0.516090082814904,0.059440626182651966,0.357306079508903,0.3979876786926444,0.4457586302695784,0.3643954319020956,0.36363636363636365,0.5656565656565656,0.1892692182086219,Moderate,0.6044328809394139,0,64,48,44,59,16,15,68,4
37159,NC,Rowan County,149875,75394.0,-35.83706926280607,0.15538227983577774,0.26353135872555383,0.5786612986896232,0.30352914897556266,0.15538227983577774,0.26353135872555383,0.060205078098328646,0.6592446710999743,0.024211436166229727,0.3448251952835164,0.37186246500596043,0.3523132912790734,0.29823875183418536,0.3535353535353535,0.3737373737373737,0.1290032346634665,Very Stable,0.6367969642491667,0,65,57,63,72,8,9,76,11
37069,NC,Franklin County,74386,42667.0,-13.525675580659524,0.29927498283539655,0.515253484467029,0.5240583930982141,0.21479148344552473,0.29927498283539655,0.515253484467029,0.06328875499123665,0.6073645178903399,0.025451629155605466,0.33863323322552696,0.3926278586334351,0.4423392113694492,0.334349960553633,0.3434343434343434,0.5555555555555556,0.1989823438229398,Very Stable,0.704050531058068,1,66,51,45,63,15,18,65,-1
37035,NC,Catawba County,163573,87109.0,-37.8927550540128,0.16566482898758492,0.20914267546179324,0.5358292998815508,0.33035491873899114,0.16566482898758492,0.20914267546179324,0.003799125313394769,0.62687677683195,0.0015260934301543991,0.33651262068479476,0.3473820823033469,0.3211173923860321,0.29937846914892796,0.33333333333333337,0.2727272727272727,0.1246107671116814,Very Stable,0.6240945793881751,0,67,64,73,71,3,-2,79,12
37085,NC,Harnett County,139150,63757.0,-25.045093087817804,0.1751407908617195,0.32980304254568965,0.582242610869337,0.2747262340689581,0.1751407908617195,0.32980304254568965,0.029544515257294957,0.5744084657344465,0.011880372826482279,0.33131351377011975,0.3699790766911123,0.3791437325074186,0.3018126066654335,0.3232323232323232,0.41414141414141414,0.1935137616290994,Stable,0.7270386879878855,0,68,58,59,70,10,11,66,-2
37149,NC,Polk County,19891,13068.0,-25.099479644934192,0.38474130211666685,0.40210384919518066,0.3819889310186122,0.0944504623238638,0.38474130211666685,0.40210384919518066,0.47544258519636107,0.7165376195744751,0.19121163207300707,0.328763830320721,0.33310446709034947,0.32016177293320935,0.3114804993939524,0.31313131313131315,0.26262626262626265,0.2244348825328436,Very Stable,0.3636786946957146,3,69,67,74,67,2,-7,58,-11
37073,NC,Gates County,10376,5868.0,-21.642808452624408,0.7053600171672152,0.601362077507975,0.4342478356061406,0.04525126571596448,0.7053600171672152,0.601362077507975,0.0008648330718109554,0.24579648727173975,0.0003459799509629783,0.3269825880251679,0.30098310311035786,0.42055581408451376,0.47255478391413386,0.303030303030303,0.5353535353535354,0.3081889709066058,Highly Volatile,0.589086921052516,3,70,76,47,49,-6,2,34,-36
37151,NC,Randolph County,146348,76008.0,-57.10714661614567,0.16055317056440593,0.14285646853146855,0.5160688771461013,0.3049848137189503,0.16055317056440593,0.14285646853146855,0.002575019422247027,0.6158214543840455,0.0010337825956611643,0.3225086199798277,0.3180844444715934,0.27669165698199716,0.2855400079984659,0.29292929292929293,0.21212121212121215,0.0659043036751875,Very Stable,0.5417694164780565,0,71,71,79,74,0,-5,99,28
37057,NC,Davidson County,172954,93452.0,-46.87861147969011,0.08519877199917088,0.09323223165723167,0.5022351293848856,0.3441272565379516,0.08519877199917088,0.09323223165723167,0.011682399039537383,0.6931266724146515,0.0046965879884452374,0.3201181970308891,0.3221265619454043,0.2582067123093251,0.25418998248029473,0.2828282828282829,0.18181818181818177,0.103878046620495,Very Stable,0.5491615498807342,0,72,70,82,80,2,-2,84,12
37105,NC,Lee County,65816,30081.0,-17.43293108606761,0.20617211766988103,0.2534642461511657,0.6362485243381575,0.17158205161778672,0.20617211766988103,0.2534642461511657,0.011969636714706855,0.5114665309485297,0.004812109219560258,0.31803550342746756,0.3298585355477887,0.32868976706456887,0.30504370282392657,0.2727272727272727,0.303030303030303,0.2151158537017996,Moderate,0.738025342518255,0,73,69,70,69,4,-1,60,-13
37143,NC,Perquimans County,13244,7666.0,-39.25123923819463,0.6252528669522803,0.4322568830378429,0.43952025694772756,0.059540173526646374,0.6252528669522803,0.4322568830378429,0.017877833031431423,0.28259328882161855,0.007188267262806982,0.3173010188672168,0.2690520228886074,0.3408935491375149,0.43739154109473366,0.26262626262626265,0.33333333333333337,0.2478003539948823,Highly Volatile,0.5779679893797289,3,74,88,67,53,-14,-14,51,-23
37031,NC,Carteret County,69148,45817.0,-42.98622781936837,0.22609582296416417,0.20943765532712916,0.3486330987174643,0.22456171638266426,0.22609582296416417,0.20943765532712916,0.6292472421569822,0.6551623249806213,0.25306877986128334,0.3133515476213113,0.3091870057120525,0.2480175314385967,0.2563466152571142,0.2525252525252525,0.14141414141414144,0.2061043007269569,Stable,0.3892020570686327,1,75,74,86,79,1,-7,62,-13
37109,NC,Lincoln County,92716,55582.0,-45.59209816127524,0.2484863394691464,0.27220599393726325,0.38873932513829734,0.25288336594390276,0.2484863394691464,0.27220599393726325,0.0059223263499640355,0.6919546736700686,0.0023800022967559375,0.30931909213368963,0.31524900575071885,0.29650866973918166,0.28464884250512323,0.24242424242424243,0.2525252525252525,0.1014708413568028,Very Stable,0.443719769134422,1,76,72,75,75,4,0,87,11
37161,NC,Rutherford County,64930,34670.0,-47.71271993077589,0.22302020552318289,0.3638507381507381,0.5196755156635064,0.18822866558141094,0.22302020552318289,0.3638507381507381,0.007717774029861846,0.6091284198722191,0.003102095337865812,0.30925991109328566,0.34446754425017445,0.3589014143865984,0.2884861480728208,0.23232323232323238,0.38383838383838387,0.1191323500811266,Stable,0.4602863566572978,3,77,65,62,73,12,11,80,3
37023,NC,Burke County,87795,45847.0,-41.13246232032631,0.1635941635759226,0.1251873587197117,0.5223933820454252,0.2246531234475032,0.1635941635759226,0.1251873587197117,0.0026686517388562203,0.5782021732841356,0.0010714396351858963,0.30006936888212793,0.29046766766807525,0.24935530573308795,0.2685587081611934,0.2222222222222222,0.1515151515151515,0.1249621402467617,Very Stable,0.5195519541857675,3,78,80,85,76,-2,-9,78,0
37167,NC,Stanly County,64651,36714.0,-50.76265184943074,0.13576978599069411,0.22833347146489577,0.5149133554976189,0.1952866855110927,0.13576978599069411,0.22833347146489577,0.0022389424257788226,0.6342917207765713,0.0008986191692111055,0.29089124924307425,0.3140321706116247,0.29171674598462577,0.24543490324752495,0.21212121212121215,0.23232323232323238,0.083333498642344,Very Stable,0.5266909723900398,0,79,73,77,82,6,5,96,17
37171,NC,Surry County,71425,37508.0,-53.1939852831396,0.17782624457028923,0.1946645072248014,0.49701377743092606,0.19797523660526936,0.17782624457028923,0.1946645072248014,0.0015056817161358538,0.5567736071113585,0.0006037164206204934,0.28787598009311854,0.2920855457567466,0.27107950712144957,0.26266037579419343,0.202020202020202,0.19191919191919193,0.0957515184817212,Stable,0.4373478929276882,2,80,78,81,77,2,-4,90,10
37193,NC,Wilkes County,65935,36320.0,-59.52092511013216,0.1178776737663543,0.4115977383727384,0.4657835118886814,0.1939417756940465,0.1178776737663543,0.4115977383727384,0.0001313516399411574,0.4976630619176417,5.098843232028939e-05,0.2566149966310158,0.33004501278261184,0.3707301910820512,0.22387015877885913,0.19191919191919193,0.3939393939393939,0.1035142384859849,Moderate,0.3709645019996049,3,81,68,61,85,13,24,85,4
37053,NC,Currituck County,30601,18053.0,-47.80922838309422,0.2919076511218876,0.29072606233635645,0.28422004626875985,0.12060233451734632,0.2919076511218876,0.29072606233635645,0.008299169709761633,0.6544084420834538,0.003335921017827084,0.25640055336465856,0.2561051561682758,0.24656862636470478,0.24715942075747033,0.18181818181818177,0.13131313131313127,0.1292079831958111,Moderate,0.4146789992144542,1,82,93,87,81,-11,-6,75,-7
37027,NC,Caldwell County,80536,43540.0,-52.51033532384015,0.09068167118876783,0.16514569290358755,0.4291753980192079,0.21753436119006622,0.09068167118876783,0.16514569290358755,0.000865446282137583,0.5747842508700236,0.00034622657185565716,0.25623916727974533,0.2748551727084503,0.2442502862541123,0.20701827539670242,0.1717171717171717,0.12121212121212122,0.0913853148330168,Very Stable,0.3787266117338658,3,83,85,88,86,-2,-2,92,9
37197,NC,Yadkin County,37574,20397.0,-62.26405843996666,0.17600795985289455,0.28887150875440354,0.4134305842811047,0.13163471862710235,0.17600795985289455,0.28887150875440354,0.00023568441679444607,0.5998304218410526,9.294898230953137e-05,0.2552587370431957,0.28347462426857295,0.28070208010425357,0.22427030565349904,0.16161616161616166,0.2222222222222222,0.0479947853691582,Very Stable,0.3881206852224744,3,84,81,78,84,3,6,100,16
37087,NC,Haywood County,62662,37851.0,-25.045573432670203,0.10823474811303845,0.14903792711416552,0.33915946041186024,0.19912785510761125,0.10823474811303845,0.14903792711416552,0.030071243717774143,0.7294510622453084,0.012092212447388524,0.25432342524471463,0.26452421999499637,0.20909079243695064,0.1886892029363871,0.1515151515151515,0.030303030303030276,0.1707893420339306,Very Stable,0.2603631864162303,3,85,90,97,92,-5,-5,70,-15
37005,NC,Alleghany County,11174,6496.0,-51.831896551724135,0.2301783347450145,0.39925700959687027,0.4635142894608397,0.050462951702128014,0.2301783347450145,0.39925700959687027,0.0011712291452129486,0.5217712589052139,0.0004692063055396643,0.25131895212833977,0.29358862084130366,0.32812281508917707,0.24358347766324917,0.14141414141414144,0.29292929292929293,0.114744809407534,Moderate,0.3733217889145887,3,86,77,71,83,9,12,82,-4
37111,NC,McDowell County,44817,23655.0,-49.07630522088354,0.07179004579422944,0.1831518461930227,0.43574493301103545,0.14596397717088277,0.07179004579422944,0.1831518461930227,9.17717989619149e-05,0.6480700862936386,3.507021422942955e-05,0.2443878835575204,0.27222833365721877,0.2370031506419909,0.18132225044259426,0.13131313131313127,0.11111111111111116,0.1011922506291932,Stable,0.38355551016677,3,87,87,89,94,0,5,88,1
37113,NC,Macon County,37941,21934.0,-37.86814990425823,0.09022256060962477,0.18214269619269619,0.37305558872151834,0.13852717638936982,0.09022256060962477,0.18214269619269619,0.02648546906810345,0.725349548944994,0.01065008581206219,0.24245128577476024,0.26543131967052813,0.21896703937407014,0.17300697158253442,0.12121212121212122,0.06060606060606055,0.1367955946817191,Stable,0.3562298398673408,3,88,89,94,97,-1,3,72,-16
37059,NC,Davie County,44122,26850.0,-46.21973929236499,0.10471764720771018,0.10397739932925694,0.36124885255430117,0.15908534652995474,0.10471764720771018,0.10397739932925694,0.0052797048377239975,0.6647431862987083,0.002121552815185736,0.23962105396222827,0.23943599199261498,0.18207224943569245,0.1824423733749191,0.11111111111111116,0.010101010101010055,0.1085191160967214,Very Stable,0.4323882035791233,1,89,97,99,93,-8,-6,83,-6
37039,NC,Cherokee County,29562,17824.0,-57.209380610412936,0.15358809575980867,0.16714397448956272,0.3641963990278224,0.11948704520789423,0.15358809575980867,0.16714397448956272,0.005932787315621746,0.5937601044990375,0.002384209487301984,0.23383592424717375,0.23722489392961227,0.2044928483037105,0.19771490893883348,0.101010101010101,0.02020202020202022,0.0877501522982539,Stable,0.2952489905517825,3,90,99,98,88,-9,-10,94,4
37043,NC,Clay County,11610,7728.0,-49.97412008281573,0.1446965929792981,0.3093366034292505,0.3498391929981536,0.060001145726063125,0.1446965929792981,0.3093366034292505,0.22884764975864957,0.6660936349191078,0.09203609560588705,0.23340044924150305,0.27456045185399114,0.2571283863956794,0.17480838117070324,0.09090909090909094,0.1717171717171717,0.1150377945602154,Very Stable,0.2840857524116068,3,91,86,83,95,5,12,81,-10
37029,NC,Camden County,10927,6304.0,-50.66624365482233,0.3397108720349452,0.5152304374160409,0.30869717565188015,0.048897403784166925,0.3397108720349452,0.5152304374160409,0.006893337527292043,0.46768372710737055,0.002770523514298944,0.23313314419545675,0.27701303554073065,0.34701386356703223,0.2592540808764844,0.08080808080808077,0.36363636363636365,0.1316726255262197,Moderate,0.5147669081487816,1,92,84,64,78,8,14,74,-18
37199,NC,Yancey County,18797,11283.0,-34.33484002481609,0.1871829208850094,0.25013999991236824,0.35661420717057923,0.08389128664245206,0.1871829208850094,0.25013999991236824,0.0006129915214132531,0.5915596882958062,0.0002446943312032732,0.23089765150288635,0.24663692125972606,0.23519637340944194,0.20371783389576253,0.07070707070707072,0.101010101010101,0.1328078594409273,Very Stable,0.2545220455771773,3,93,95,90,87,-2,-3,73,-20
37003,NC,Alexander County,36412,20677.0,-59.699182666731154,0.11981145516036307,0.15513348987613687,0.3954897262795852,0.13290920430748324,0.11981145516036307,0.15513348987613687,6.469076931792106e-05,0.5314972203025049,2.4178767337991787e-05,0.22849277132058826,0.23732327999953168,0.20966647758483553,0.19200546022694864,0.06060606060606055,0.04040404040404044,0.0906582653466732,Stable,0.3889809651513162,3,94,98,96,91,-4,-5,93,-1
37011,NC,Avery County,17680,9489.0,-52.28158920855728,0.11357017799865439,0.23975736672168566,0.3558818323867501,0.07239792010559204,0.11357017799865439,0.23975736672168566,0.0024866857780390106,0.7333117494156856,0.0009982565758875873,0.22725123337169575,0.2587980305524536,0.22694862148392836,0.16385502712241273,0.0505050505050505,0.08080808080808077,0.0981712617036498,Stable,0.3689608672381475,3,95,92,92,98,3,6,89,-6
37115,NC,Madison County,21867,13621.0,-23.383011526319656,0.1405356367685642,0.2917600815850817,0.3171352270135664,0.09757323374667692,0.1405356367685642,0.2917600815850817,0.006097616313251009,0.6952422357874998,0.0024505004037646324,0.22602261640610993,0.2638287276102393,0.2495571559826017,0.17394493357434293,0.04040404040404044,0.16161616161616166,0.158854916671067,Very Stable,0.2514837733788834,3,96,91,84,96,5,12,71,-25
37169,NC,Stokes County,45139,27175.0,-59.495860165593385,0.13771710312836616,0.21867220668907977,0.33483543855462017,0.1603752162369325,0.13771710312836616,0.21867220668907977,0.00022332281267523069,0.5310131996568411,8.797739310012731e-05,0.22461958661122236,0.24485836250140078,0.23313876704242806,0.19266121526207125,0.030303030303030276,0.09090909090909094,0.092455524094702,Moderate,0.3039116127571775,3,97,96,91,90,1,-1,91,-6
37121,NC,Mitchell County,14992,8842.0,-55.73399683329564,0.07629325536883294,0.2282983976549767,0.3359322073340914,0.0679889539232592,0.07629325536883294,0.2282983976549767,0.005368019130949975,0.732719335496309,0.002157071052382523,0.21191315497513236,0.24991444054666828,0.215129489141826,0.13912691799875412,0.02020202020202022,0.0505050505050505,0.0752535643316753,Very Stable,0.252735569270354,3,98,94,95,99,4,4,98,0
37009,NC,Ashe County,26950,16253.0,-44.28720851535101,0.04546879864374552,0.1344257533058617,0.34543465828482134,0.11163434742274772,0.04546879864374552,0.1344257533058617,0.00020583104511917583,0.6781766554212589,8.094255506484797e-05,0.2104166508348691,0.23265588950039814,0.1814801280798231,0.13700165074876502,0.010101010101010055,0.0,0.1272764215889955,Stable,0.2566201826972148,3,99,100,100,100,-1,0,77,-22
37075,NC,Graham County,8072,4779.0,-63.69533375183092,0.21113148209972607,0.5065137395714021,0.3207524603836531,0.03550266393482508,0.21113148209972607,0.5065137395714021,0.00012568373299870483,0.5167563171734286,4.870891384331104e-05,0.20644727986546005,0.280292844233379,0.3423206508653206,0.1946295221294826,0.0,0.3535353535353535,0.0752649669018917,Stable,0.3384024960576193,3,100,83,65,89,17,24,97,-3
